,img_path,Normal,Fire,Water,Grass,Electric,Ice,Fighting,Poison,Ground,Flying,Psychic,Bug,Rock,Ghost,Dragon,Dark,Steel,Fairy
0,0001.jpg,0,0,0,1,0,0,0,1,0,0,0,0,0,0,0,0,0,0
1,0002.jpg,0,0,0,1,0,0,0,1,0,0,0,0,0,0,0,0,0,0
2,0003.jpg,0,0,0,1,0,0,0,1,0,0,0,0,0,0,0,0,0,0
3,0004.jpg,0,1,0,0,0,0,0,0,0,0,0,0,0,0,0,0,0,0
4,0005.jpg,0,1,0,0,0,0,0,0,0,0,0,0,0,0,0,0,0,0
5,0006.jpg,0,1,0,0,0,0,0,0,0,1,0,0,0,0,0,0,0,0
6,0007.jpg,0,0,1,0,0,0,0,0,0,0,0,0,0,0,0,0,0,0
7,0008.jpg,0,0,1,0,0,0,0,0,0,0,0,0,0,0,0,0,0,0
8,0009.jpg,0,0,1,0,0,0,0,0,0,0,0,0,0,0,0,0,0,0
9,0010.jpg,0,0,0,0,0,0,0,0,0,0,0,1,0,0,0,0,0,0
10,0011.jpg,0,0,0,0,0,0,0,0,0,0,0,1,0,0,0,0,0,0
11,0012.jpg,0,0,0,0,0,0,0,0,0,1,0,1,0,0,0,0,0,0
12,0013.jpg,0,0,0,0,0,0,0,1,0,0,0,1,0,0,0,0,0,0
13,0014.jpg,0,0,0,0,0,0,0,1,0,0,0,1,0,0,0,0,0,0
14,0015.jpg,0,0,0,0,0,0,0,1,0,0,0,1,0,0,0,0,0,0
15,0016.jpg,1,0,0,0,0,0,0,0,0,1,0,0,0,0,0,0,0,0
16,0017.jpg,1,0,0,0,0,0,0,0,0,1,0,0,0,0,0,0,0,0
17,0018.jpg,1,0,0,0,0,0,0,0,0,1,0,0,0,0,0,0,0,0
18,0019.jpg,1,0,0,0,0,0,0,0,0,0,0,0,0,0,0,0,0,0
19,0020.jpg,1,0,0,0,0,0,0,0,0,0,0,0,0,0,0,0,0,0
20,0021.jpg,1,0,0,0,0,0,0,0,0,1,0,0,0,0,0,0,0,0
21,0022.jpg,1,0,0,0,0,0,0,0,0,1,0,0,0,0,0,0,0,0
22,0023.jpg,0,0,0,0,0,0,0,1,0,0,0,0,0,0,0,0,0,0
23,0024.jpg,0,0,0,0,0,0,0,1,0,0,0,0,0,0,0,0,0,0
24,0025.jpg,0,0,0,0,1,0,0,0,0,0,0,0,0,0,0,0,0,0
25,0026.jpg,0,0,0,0,1,0,0,0,0,0,0,0,0,0,0,0,0,0
26,0027.jpg,0,0,0,0,0,0,0,0,1,0,0,0,0,0,0,0,0,0
27,0028.jpg,0,0,0,0,0,0,0,0,1,0,0,0,0,0,0,0,0,0
28,0029.jpg,0,0,0,0,0,0,0,1,0,0,0,0,0,0,0,0,0,0
29,0030.jpg,0,0,0,0,0,0,0,1,0,0,0,0,0,0,0,0,0,0
30,0031.jpg,0,0,0,0,0,0,0,1,1,0,0,0,0,0,0,0,0,0
31,0032.jpg,0,0,0,0,0,0,0,1,0,0,0,0,0,0,0,0,0,0
32,0033.jpg,0,0,0,0,0,0,0,1,0,0,0,0,0,0,0,0,0,0
33,0034.jpg,0,0,0,0,0,0,0,1,1,0,0,0,0,0,0,0,0,0
34,0035.jpg,0,0,0,0,0,0,0,0,0,0,0,0,0,0,0,0,0,1
35,0036.jpg,0,0,0,0,0,0,0,0,0,0,0,0,0,0,0,0,0,1
36,0037.jpg,0,1,0,0,0,0,0,0,0,0,0,0,0,0,0,0,0,0
37,0038.jpg,0,1,0,0,0,0,0,0,0,0,0,0,0,0,0,0,0,0
38,0039.jpg,1,0,0,0,0,0,0,0,0,0,0,0,0,0,0,0,0,1
39,0040.jpg,1,0,0,0,0,0,0,0,0,0,0,0,0,0,0,0,0,1
40,0041.jpg,0,0,0,0,0,0,0,1,0,1,0,0,0,0,0,0,0,0
41,0042.jpg,0,0,0,0,0,0,0,1,0,1,0,0,0,0,0,0,0,0
42,0043.jpg,0,0,0,1,0,0,0,1,0,0,0,0,0,0,0,0,0,0
43,0044.jpg,0,0,0,1,0,0,0,1,0,0,0,0,0,0,0,0,0,0
44,0045.jpg,0,0,0,1,0,0,0,1,0,0,0,0,0,0,0,0,0,0
45,0046.jpg,0,0,0,1,0,0,0,0,0,0,0,1,0,0,0,0,0,0
46,0047.jpg,0,0,0,1,0,0,0,0,0,0,0,1,0,0,0,0,0,0
47,0048.jpg,0,0,0,0,0,0,0,1,0,0,0,1,0,0,0,0,0,0
48,0049.jpg,0,0,0,0,0,0,0,1,0,0,0,1,0,0,0,0,0,0
49,0050.jpg,0,0,0,0,0,0,0,0,1,0,0,0,0,0,0,0,0,0
50,0051.jpg,0,0,0,0,0,0,0,0,1,0,0,0,0,0,0,0,0,0
51,0052.jpg,1,0,0,0,0,0,0,0,0,0,0,0,0,0,0,0,0,0
52,0053.jpg,1,0,0,0,0,0,0,0,0,0,0,0,0,0,0,0,0,0
53,0054.jpg,0,0,1,0,0,0,0,0,0,0,0,0,0,0,0,0,0,0
54,0055.jpg,0,0,1,0,0,0,0,0,0,0,0,0,0,0,0,0,0,0
55,0056.jpg,0,0,0,0,0,0,1,0,0,0,0,0,0,0,0,0,0,0
56,0057.jpg,0,0,0,0,0,0,1,0,0,0,0,0,0,0,0,0,0,0
57,0058.jpg,0,1,0,0,0,0,0,0,0,0,0,0,0,0,0,0,0,0
58,0059.jpg,0,1,0,0,0,0,0,0,0,0,0,0,0,0,0,0,0,0
59,0060.jpg,0,0,1,0,0,0,0,0,0,0,0,0,0,0,0,0,0,0
60,0061.jpg,0,0,1,0,0,0,0,0,0,0,0,0,0,0,0,0,0,0
61,0062.jpg,0,0,1,0,0,0,1,0,0,0,0,0,0,0,0,0,0,0
62,0063.jpg,0,0,0,0,0,0,0,0,0,0,1,0,0,0,0,0,0,0
63,0064.jpg,0,0,0,0,0,0,0,0,0,0,1,0,0,0,0,0,0,0
64,0065.jpg,0,0,0,0,0,0,0,0,0,0,1,0,0,0,0,0,0,0
65,0066.jpg,0,0,0,0,0,0,1,0,0,0,0,0,0,0,0,0,0,0
66,0067.jpg,0,0,0,0,0,0,1,0,0,0,0,0,0,0,0,0,0,0
67,0068.jpg,0,0,0,0,0,0,1,0,0,0,0,0,0,0,0,0,0,0
68,0069.jpg,0,0,0,1,0,0,0,1,0,0,0,0,0,0,0,0,0,0
69,0070.jpg,0,0,0,1,0,0,0,1,0,0,0,0,0,0,0,0,0,0
70,0071.jpg,0,0,0,1,0,0,0,1,0,0,0,0,0,0,0,0,0,0
71,0072.jpg,0,0,1,0,0,0,0,1,0,0,0,0,0,0,0,0,0,0
72,0073.jpg,0,0,1,0,0,0,0,1,0,0,0,0,0,0,0,0,0,0
73,0074.jpg,0,0,0,0,0,0,0,0,1,0,0,0,1,0,0,0,0,0
74,0075.jpg,0,0,0,0,0,0,0,0,1,0,0,0,1,0,0,0,0,0
75,0076.jpg,0,0,0,0,0,0,0,0,1,0,0,0,1,0,0,0,0,0
76,0077.jpg,0,1,0,0,0,0,0,0,0,0,0,0,0,0,0,0,0,0
77,0078.jpg,0,1,0,0,0,0,0,0,0,0,0,0,0,0,0,0,0,0
78,0079.jpg,0,0,1,0,0,0,0,0,0,0,1,0,0,0,0,0,0,0
79,0080.jpg,0,0,1,0,0,0,0,0,0,0,1,0,0,0,0,0,0,0
80,0081.jpg,0,0,0,0,1,0,0,0,0,0,0,0,0,0,0,0,1,0
81,0082.jpg,0,0,0,0,1,0,0,0,0,0,0,0,0,0,0,0,1,0
82,0083.jpg,1,0,0,0,0,0,0,0,0,1,0,0,0,0,0,0,0,0
83,0084.jpg,1,0,0,0,0,0,0,0,0,1,0,0,0,0,0,0,0,0
84,0085.jpg,1,0,0,0,0,0,0,0,0,1,0,0,0,0,0,0,0,0
85,0086.jpg,0,0,1,0,0,0,0,0,0,0,0,0,0,0,0,0,0,0
86,0087.jpg,0,0,1,0,0,1,0,0,0,0,0,0,0,0,0,0,0,0
87,0088.jpg,0,0,0,0,0,0,0,1,0,0,0,0,0,0,0,0,0,0
88,0089.jpg,0,0,0,0,0,0,0,1,0,0,0,0,0,0,0,0,0,0
89,0090.jpg,0,0,1,0,0,0,0,0,0,0,0,0,0,0,0,0,0,0
90,0091.jpg,0,0,1,0,0,1,0,0,0,0,0,0,0,0,0,0,0,0
91,0092.jpg,0,0,0,0,0,0,0,1,0,0,0,0,0,1,0,0,0,0
92,0093.jpg,0,0,0,0,0,0,0,1,0,0,0,0,0,1,0,0,0,0
93,0094.jpg,0,0,0,0,0,0,0,1,0,0,0,0,0,1,0,0,0,0
94,0095.jpg,0,0,0,0,0,0,0,0,1,0,0,0,1,0,0,0,0,0
95,0096.jpg,0,0,0,0,0,0,0,0,0,0,1,0,0,0,0,0,0,0
96,0097.jpg,0,0,0,0,0,0,0,0,0,0,1,0,0,0,0,0,0,0
97,0098.jpg,0,0,1,0,0,0,0,0,0,0,0,0,0,0,0,0,0,0
98,0099.jpg,0,0,1,0,0,0,0,0,0,0,0,0,0,0,0,0,0,0
99,0100.jpg,0,0,0,0,1,0,0,0,0,0,0,0,0,0,0,0,0,0
100,0101.jpg,0,0,0,0,1,0,0,0,0,0,0,0,0,0,0,0,0,0
101,0102.jpg,0,0,0,1,0,0,0,0,0,0,1,0,0,0,0,0,0,0
102,0103.jpg,0,0,0,1,0,0,0,0,0,0,1,0,0,0,0,0,0,0
103,0104.jpg,0,0,0,0,0,0,0,0,1,0,0,0,0,0,0,0,0,0
104,0105.jpg,0,0,0,0,0,0,0,0,1,0,0,0,0,0,0,0,0,0
105,0106.jpg,0,0,0,0,0,0,1,0,0,0,0,0,0,0,0,0,0,0
106,0107.jpg,0,0,0,0,0,0,1,0,0,0,0,0,0,0,0,0,0,0
107,0108.jpg,1,0,0,0,0,0,0,0,0,0,0,0,0,0,0,0,0,0
108,0109.jpg,0,0,0,0,0,0,0,1,0,0,0,0,0,0,0,0,0,0
109,0110.jpg,0,0,0,0,0,0,0,1,0,0,0,0,0,0,0,0,0,0
110,0111.jpg,0,0,0,0,0,0,0,0,1,0,0,0,1,0,0,0,0,0
111,0112.jpg,0,0,0,0,0,0,0,0,1,0,0,0,1,0,0,0,0,0
112,0113.jpg,1,0,0,0,0,0,0,0,0,0,0,0,0,0,0,0,0,0
113,0114.jpg,0,0,0,1,0,0,0,0,0,0,0,0,0,0,0,0,0,0
114,0115.jpg,1,0,0,0,0,0,0,0,0,0,0,0,0,0,0,0,0,0
115,0116.jpg,0,0,1,0,0,0,0,0,0,0,0,0,0,0,0,0,0,0
116,0117.jpg,0,0,1,0,0,0,0,0,0,0,0,0,0,0,0,0,0,0
117,0118.jpg,0,0,1,0,0,0,0,0,0,0,0,0,0,0,0,0,0,0
118,0119.jpg,0,0,1,0,0,0,0,0,0,0,0,0,0,0,0,0,0,0
119,0120.jpg,0,0,1,0,0,0,0,0,0,0,0,0,0,0,0,0,0,0
120,0121.jpg,0,0,1,0,0,0,0,0,0,0,1,0,0,0,0,0,0,0
121,0122.jpg,0,0,0,0,0,0,0,0,0,0,1,0,0,0,0,0,0,1
122,0123.jpg,0,0,0,0,0,0,0,0,0,1,0,1,0,0,0,0,0,0
123,0124.jpg,0,0,0,0,0,1,0,0,0,0,1,0,0,0,0,0,0,0
124,0125.jpg,0,0,0,0,1,0,0,0,0,0,0,0,0,0,0,0,0,0
125,0126.jpg,0,1,0,0,0,0,0,0,0,0,0,0,0,0,0,0,0,0
126,0127.jpg,0,0,0,0,0,0,0,0,0,0,0,1,0,0,0,0,0,0
127,0128.jpg,1,0,0,0,0,0,0,0,0,0,0,0,0,0,0,0,0,0
128,0129.jpg,0,0,1,0,0,0,0,0,0,0,0,0,0,0,0,0,0,0
129,0130.jpg,0,0,1,0,0,0,0,0,0,1,0,0,0,0,0,0,0,0
130,0131.jpg,0,0,1,0,0,1,0,0,0,0,0,0,0,0,0,0,0,0
131,0132.jpg,1,0,0,0,0,0,0,0,0,0,0,0,0,0,0,0,0,0
132,0133.jpg,1,0,0,0,0,0,0,0,0,0,0,0,0,0,0,0,0,0
133,0134.jpg,0,0,1,0,0,0,0,0,0,0,0,0,0,0,0,0,0,0
134,0135.jpg,0,0,0,0,1,0,0,0,0,0,0,0,0,0,0,0,0,0
135,0136.jpg,0,1,0,0,0,0,0,0,0,0,0,0,0,0,0,0,0,0
136,0137.jpg,1,0,0,0,0,0,0,0,0,0,0,0,0,0,0,0,0,0
137,0138.jpg,0,0,1,0,0,0,0,0,0,0,0,0,1,0,0,0,0,0
138,0139.jpg,0,0,1,0,0,0,0,0,0,0,0,0,1,0,0,0,0,0
139,0140.jpg,0,0,1,0,0,0,0,0,0,0,0,0,1,0,0,0,0,0
140,0141.jpg,0,0,1,0,0,0,0,0,0,0,0,0,1,0,0,0,0,0
141,0142.jpg,0,0,0,0,0,0,0,0,0,1,0,0,1,0,0,0,0,0
142,0143.jpg,1,0,0,0,0,0,0,0,0,0,0,0,0,0,0,0,0,0
143,0144.jpg,0,0,0,0,0,1,0,0,0,1,0,0,0,0,0,0,0,0
144,0145.jpg,0,0,0,0,1,0,0,0,0,1,0,0,0,0,0,0,0,0
145,0146.jpg,0,1,0,0,0,0,0,0,0,1,0,0,0,0,0,0,0,0
146,0147.jpg,0,0,0,0,0,0,0,0,0,0,0,0,0,0,1,0,0,0
147,0148.jpg,0,0,0,0,0,0,0,0,0,0,0,0,0,0,1,0,0,0
148,0149.jpg,0,0,0,0,0,0,0,0,0,1,0,0,0,0,1,0,0,0
149,0150.jpg,0,0,0,0,0,0,0,0,0,0,1,0,0,0,0,0,0,0
150,0151.jpg,0,0,0,0,0,0,0,0,0,0,1,0,0,0,0,0,0,0
151,0152.jpg,0,0,0,1,0,0,0,0,0,0,0,0,0,0,0,0,0,0
152,0153.jpg,0,0,0,1,0,0,0,0,0,0,0,0,0,0,0,0,0,0
153,0154.jpg,0,0,0,1,0,0,0,0,0,0,0,0,0,0,0,0,0,0
154,0155.jpg,0,1,0,0,0,0,0,0,0,0,0,0,0,0,0,0,0,0
155,0156.jpg,0,1,0,0,0,0,0,0,0,0,0,0,0,0,0,0,0,0
156,0157.jpg,0,1,0,0,0,0,0,0,0,0,0,0,0,0,0,0,0,0
157,0158.jpg,0,0,1,0,0,0,0,0,0,0,0,0,0,0,0,0,0,0
158,0159.jpg,0,0,1,0,0,0,0,0,0,0,0,0,0,0,0,0,0,0
159,0160.jpg,0,0,1,0,0,0,0,0,0,0,0,0,0,0,0,0,0,0
160,0161.jpg,1,0,0,0,0,0,0,0,0,0,0,0,0,0,0,0,0,0
161,0162.jpg,1,0,0,0,0,0,0,0,0,0,0,0,0,0,0,0,0,0
162,0163.jpg,1,0,0,0,0,0,0,0,0,1,0,0,0,0,0,0,0,0
163,0164.jpg,1,0,0,0,0,0,0,0,0,1,0,0,0,0,0,0,0,0
164,0165.jpg,0,0,0,0,0,0,0,0,0,1,0,1,0,0,0,0,0,0
165,0166.jpg,0,0,0,0,0,0,0,0,0,1,0,1,0,0,0,0,0,0
166,0167.jpg,0,0,0,0,0,0,0,1,0,0,0,1,0,0,0,0,0,0
167,0168.jpg,0,0,0,0,0,0,0,1,0,0,0,1,0,0,0,0,0,0
168,0169.jpg,0,0,0,0,0,0,0,1,0,1,0,0,0,0,0,0,0,0
169,0170.jpg,0,0,1,0,1,0,0,0,0,0,0,0,0,0,0,0,0,0
170,0171.jpg,0,0,1,0,1,0,0,0,0,0,0,0,0,0,0,0,0,0
171,0172.jpg,0,0,0,0,1,0,0,0,0,0,0,0,0,0,0,0,0,0
172,0173.jpg,0,0,0,0,0,0,0,0,0,0,0,0,0,0,0,0,0,1
173,0174.jpg,1,0,0,0,0,0,0,0,0,0,0,0,0,0,0,0,0,1
174,0175.jpg,0,0,0,0,0,0,0,0,0,0,0,0,0,0,0,0,0,1
175,0176.jpg,0,0,0,0,0,0,0,0,0,1,0,0,0,0,0,0,0,1
176,0177.jpg,0,0,0,0,0,0,0,0,0,1,1,0,0,0,0,0,0,0
177,0178.jpg,0,0,0,0,0,0,0,0,0,1,1,0,0,0,0,0,0,0
178,0179.jpg,0,0,0,0,1,0,0,0,0,0,0,0,0,0,0,0,0,0
179,0180.jpg,0,0,0,0,1,0,0,0,0,0,0,0,0,0,0,0,0,0
180,0181.jpg,0,0,0,0,1,0,0,0,0,0,0,0,0,0,0,0,0,0
181,0182.jpg,0,0,0,1,0,0,0,0,0,0,0,0,0,0,0,0,0,0
182,0183.jpg,0,0,1,0,0,0,0,0,0,0,0,0,0,0,0,0,0,1
183,0184.jpg,0,0,1,0,0,0,0,0,0,0,0,0,0,0,0,0,0,1
184,0185.jpg,0,0,0,0,0,0,0,0,0,0,0,0,1,0,0,0,0,0
185,0186.jpg,0,0,1,0,0,0,0,0,0,0,0,0,0,0,0,0,0,0
186,0187.jpg,0,0,0,1,0,0,0,0,0,1,0,0,0,0,0,0,0,0
187,0188.jpg,0,0,0,1,0,0,0,0,0,1,0,0,0,0,0,0,0,0
188,0189.jpg,0,0,0,1,0,0,0,0,0,1,0,0,0,0,0,0,0,0
189,0190.jpg,1,0,0,0,0,0,0,0,0,0,0,0,0,0,0,0,0,0
190,0191.jpg,0,0,0,1,0,0,0,0,0,0,0,0,0,0,0,0,0,0
191,0192.jpg,0,0,0,1,0,0,0,0,0,0,0,0,0,0,0,0,0,0
192,0193.jpg,0,0,0,0,0,0,0,0,0,1,0,1,0,0,0,0,0,0
193,0194.jpg,0,0,1,0,0,0,0,0,1,0,0,0,0,0,0,0,0,0
194,0195.jpg,0,0,1,0,0,0,0,0,1,0,0,0,0,0,0,0,0,0
195,0196.jpg,0,0,0,0,0,0,0,0,0,0,1,0,0,0,0,0,0,0
196,0197.jpg,0,0,0,0,0,0,0,0,0,0,0,0,0,0,0,1,0,0
197,0198.jpg,0,0,0,0,0,0,0,0,0,1,0,0,0,0,0,1,0,0
198,0199.jpg,0,0,1,0,0,0,0,0,0,0,1,0,0,0,0,0,0,0
199,0200.jpg,0,0,0,0,0,0,0,0,0,0,0,0,0,1,0,0,0,0
200,0201.jpg,0,0,0,0,0,0,0,0,0,0,1,0,0,0,0,0,0,0
201,0202.jpg,0,0,0,0,0,0,0,0,0,0,1,0,0,0,0,0,0,0
202,0203.jpg,1,0,0,0,0,0,0,0,0,0,1,0,0,0,0,0,0,0
203,0204.jpg,0,0,0,0,0,0,0,0,0,0,0,1,0,0,0,0,0,0
204,0205.jpg,0,0,0,0,0,0,0,0,0,0,0,1,0,0,0,0,1,0
205,0206.jpg,1,0,0,0,0,0,0,0,0,0,0,0,0,0,0,0,0,0
206,0207.jpg,0,0,0,0,0,0,0,0,1,1,0,0,0,0,0,0,0,0
207,0208.jpg,0,0,0,0,0,0,0,0,1,0,0,0,0,0,0,0,1,0
208,0209.jpg,0,0,0,0,0,0,0,0,0,0,0,0,0,0,0,0,0,1
209,0210.jpg,0,0,0,0,0,0,0,0,0,0,0,0,0,0,0,0,0,1
210,0211.jpg,0,0,1,0,0,0,0,1,0,0,0,0,0,0,0,0,0,0
211,0212.jpg,0,0,0,0,0,0,0,0,0,0,0,1,0,0,0,0,1,0
212,0213.jpg,0,0,0,0,0,0,0,0,0,0,0,1,1,0,0,0,0,0
213,0214.jpg,0,0,0,0,0,0,1,0,0,0,0,1,0,0,0,0,0,0
214,0215.jpg,0,0,0,0,0,1,0,0,0,0,0,0,0,0,0,1,0,0
215,0216.jpg,1,0,0,0,0,0,0,0,0,0,0,0,0,0,0,0,0,0
216,0217.jpg,1,0,0,0,0,0,0,0,0,0,0,0,0,0,0,0,0,0
217,0218.jpg,0,1,0,0,0,0,0,0,0,0,0,0,0,0,0,0,0,0
218,0219.jpg,0,1,0,0,0,0,0,0,0,0,0,0,1,0,0,0,0,0
219,0220.jpg,0,0,0,0,0,1,0,0,1,0,0,0,0,0,0,0,0,0
220,0221.jpg,0,0,0,0,0,1,0,0,1,0,0,0,0,0,0,0,0,0
221,0222.jpg,0,0,1,0,0,0,0,0,0,0,0,0,1,0,0,0,0,0
222,0223.jpg,0,0,1,0,0,0,0,0,0,0,0,0,0,0,0,0,0,0
223,0224.jpg,0,0,1,0,0,0,0,0,0,0,0,0,0,0,0,0,0,0
224,0225.jpg,0,0,0,0,0,1,0,0,0,1,0,0,0,0,0,0,0,0
225,0226.jpg,0,0,1,0,0,0,0,0,0,1,0,0,0,0,0,0,0,0
226,0227.jpg,0,0,0,0,0,0,0,0,0,1,0,0,0,0,0,0,1,0
227,0228.jpg,0,1,0,0,0,0,0,0,0,0,0,0,0,0,0,1,0,0
228,0229.jpg,0,1,0,0,0,0,0,0,0,0,0,0,0,0,0,1,0,0
229,0230.jpg,0,0,1,0,0,0,0,0,0,0,0,0,0,0,1,0,0,0
230,0231.jpg,0,0,0,0,0,0,0,0,1,0,0,0,0,0,0,0,0,0
231,0232.jpg,0,0,0,0,0,0,0,0,1,0,0,0,0,0,0,0,0,0
232,0233.jpg,1,0,0,0,0,0,0,0,0,0,0,0,0,0,0,0,0,0
233,0234.jpg,1,0,0,0,0,0,0,0,0,0,0,0,0,0,0,0,0,0
234,0235.jpg,1,0,0,0,0,0,0,0,0,0,0,0,0,0,0,0,0,0
235,0236.jpg,0,0,0,0,0,0,1,0,0,0,0,0,0,0,0,0,0,0
236,0237.jpg,0,0,0,0,0,0,1,0,0,0,0,0,0,0,0,0,0,0
237,0238.jpg,0,0,0,0,0,1,0,0,0,0,1,0,0,0,0,0,0,0
238,0239.jpg,0,0,0,0,1,0,0,0,0,0,0,0,0,0,0,0,0,0
239,0240.jpg,0,1,0,0,0,0,0,0,0,0,0,0,0,0,0,0,0,0
240,0241.jpg,1,0,0,0,0,0,0,0,0,0,0,0,0,0,0,0,0,0
241,0242.jpg,1,0,0,0,0,0,0,0,0,0,0,0,0,0,0,0,0,0
242,0243.jpg,0,0,0,0,1,0,0,0,0,0,0,0,0,0,0,0,0,0
243,0244.jpg,0,1,0,0,0,0,0,0,0,0,0,0,0,0,0,0,0,0
244,0245.jpg,0,0,1,0,0,0,0,0,0,0,0,0,0,0,0,0,0,0
245,0246.jpg,0,0,0,0,0,0,0,0,1,0,0,0,1,0,0,0,0,0
246,0247.jpg,0,0,0,0,0,0,0,0,1,0,0,0,1,0,0,0,0,0
247,0248.jpg,0,0,0,0,0,0,0,0,0,0,0,0,1,0,0,1,0,0
248,0249.jpg,0,0,0,0,0,0,0,0,0,1,1,0,0,0,0,0,0,0
249,0250.jpg,0,1,0,0,0,0,0,0,0,1,0,0,0,0,0,0,0,0
250,0251.jpg,0,0,0,1,0,0,0,0,0,0,1,0,0,0,0,0,0,0
251,0252.jpg,0,0,0,1,0,0,0,0,0,0,0,0,0,0,0,0,0,0
252,0253.jpg,0,0,0,1,0,0,0,0,0,0,0,0,0,0,0,0,0,0
253,0254.jpg,0,0,0,1,0,0,0,0,0,0,0,0,0,0,0,0,0,0
254,0255.jpg,0,1,0,0,0,0,0,0,0,0,0,0,0,0,0,0,0,0
255,0256.jpg,0,1,0,0,0,0,1,0,0,0,0,0,0,0,0,0,0,0
256,0257.jpg,0,1,0,0,0,0,1,0,0,0,0,0,0,0,0,0,0,0
257,0258.jpg,0,0,1,0,0,0,0,0,0,0,0,0,0,0,0,0,0,0
258,0259.jpg,0,0,1,0,0,0,0,0,1,0,0,0,0,0,0,0,0,0
259,0260.jpg,0,0,1,0,0,0,0,0,1,0,0,0,0,0,0,0,0,0
260,0261.jpg,0,0,0,0,0,0,0,0,0,0,0,0,0,0,0,1,0,0
261,0262.jpg,0,0,0,0,0,0,0,0,0,0,0,0,0,0,0,1,0,0
262,0263.jpg,1,0,0,0,0,0,0,0,0,0,0,0,0,0,0,0,0,0
263,0264.jpg,1,0,0,0,0,0,0,0,0,0,0,0,0,0,0,0,0,0
264,0265.jpg,0,0,0,0,0,0,0,0,0,0,0,1,0,0,0,0,0,0
265,0266.jpg,0,0,0,0,0,0,0,0,0,0,0,1,0,0,0,0,0,0
266,0267.jpg,0,0,0,0,0,0,0,0,0,1,0,1,0,0,0,0,0,0
267,0268.jpg,0,0,0,0,0,0,0,0,0,0,0,1,0,0,0,0,0,0
268,0269.jpg,0,0,0,0,0,0,0,1,0,0,0,1,0,0,0,0,0,0
269,0270.jpg,0,0,1,1,0,0,0,0,0,0,0,0,0,0,0,0,0,0
270,0271.jpg,0,0,1,1,0,0,0,0,0,0,0,0,0,0,0,0,0,0
271,0272.jpg,0,0,1,1,0,0,0,0,0,0,0,0,0,0,0,0,0,0
272,0273.jpg,0,0,0,1,0,0,0,0,0,0,0,0,0,0,0,0,0,0
273,0274.jpg,0,0,0,1,0,0,0,0,0,0,0,0,0,0,0,1,0,0
274,0275.jpg,0,0,0,1,0,0,0,0,0,0,0,0,0,0,0,1,0,0
275,0276.jpg,1,0,0,0,0,0,0,0,0,1,0,0,0,0,0,0,0,0
276,0277.jpg,1,0,0,0,0,0,0,0,0,1,0,0,0,0,0,0,0,0
277,0278.jpg,0,0,1,0,0,0,0,0,0,1,0,0,0,0,0,0,0,0
278,0279.jpg,0,0,1,0,0,0,0,0,0,1,0,0,0,0,0,0,0,0
279,0280.jpg,0,0,0,0,0,0,0,0,0,0,1,0,0,0,0,0,0,1
280,0281.jpg,0,0,0,0,0,0,0,0,0,0,1,0,0,0,0,0,0,1
281,0282.jpg,0,0,0,0,0,0,0,0,0,0,1,0,0,0,0,0,0,1
282,0283.jpg,0,0,1,0,0,0,0,0,0,0,0,1,0,0,0,0,0,0
283,0284.jpg,0,0,0,0,0,0,0,0,0,1,0,1,0,0,0,0,0,0
284,0285.jpg,0,0,0,1,0,0,0,0,0,0,0,0,0,0,0,0,0,0
285,0286.jpg,0,0,0,1,0,0,1,0,0,0,0,0,0,0,0,0,0,0
286,0287.jpg,1,0,0,0,0,0,0,0,0,0,0,0,0,0,0,0,0,0
287,0288.jpg,1,0,0,0,0,0,0,0,0,0,0,0,0,0,0,0,0,0
288,0289.jpg,1,0,0,0,0,0,0,0,0,0,0,0,0,0,0,0,0,0
289,0290.jpg,0,0,0,0,0,0,0,0,1,0,0,1,0,0,0,0,0,0
290,0291.jpg,0,0,0,0,0,0,0,0,0,1,0,1,0,0,0,0,0,0
291,0292.jpg,0,0,0,0,0,0,0,0,0,0,0,1,0,1,0,0,0,0
292,0293.jpg,1,0,0,0,0,0,0,0,0,0,0,0,0,0,0,0,0,0
293,0294.jpg,1,0,0,0,0,0,0,0,0,0,0,0,0,0,0,0,0,0
294,0295.jpg,1,0,0,0,0,0,0,0,0,0,0,0,0,0,0,0,0,0
295,0296.jpg,0,0,0,0,0,0,1,0,0,0,0,0,0,0,0,0,0,0
296,0297.jpg,0,0,0,0,0,0,1,0,0,0,0,0,0,0,0,0,0,0
297,0298.jpg,1,0,0,0,0,0,0,0,0,0,0,0,0,0,0,0,0,1
298,0299.jpg,0,0,0,0,0,0,0,0,0,0,0,0,1,0,0,0,0,0
299,0300.jpg,1,0,0,0,0,0,0,0,0,0,0,0,0,0,0,0,0,0
300,0301.jpg,1,0,0,0,0,0,0,0,0,0,0,0,0,0,0,0,0,0
301,0302.jpg,0,0,0,0,0,0,0,0,0,0,0,0,0,1,0,1,0,0
302,0303.jpg,0,0,0,0,0,0,0,0,0,0,0,0,0,0,0,0,1,1
303,0304.jpg,0,0,0,0,0,0,0,0,0,0,0,0,1,0,0,0,1,0
304,0305.jpg,0,0,0,0,0,0,0,0,0,0,0,0,1,0,0,0,1,0
305,0306.jpg,0,0,0,0,0,0,0,0,0,0,0,0,1,0,0,0,1,0
306,0307.jpg,0,0,0,0,0,0,1,0,0,0,1,0,0,0,0,0,0,0
307,0308.jpg,0,0,0,0,0,0,1,0,0,0,1,0,0,0,0,0,0,0
308,0309.jpg,0,0,0,0,1,0,0,0,0,0,0,0,0,0,0,0,0,0
309,0310.jpg,0,0,0,0,1,0,0,0,0,0,0,0,0,0,0,0,0,0
310,0311.jpg,0,0,0,0,1,0,0,0,0,0,0,0,0,0,0,0,0,0
311,0312.jpg,0,0,0,0,1,0,0,0,0,0,0,0,0,0,0,0,0,0
312,0313.jpg,0,0,0,0,0,0,0,0,0,0,0,1,0,0,0,0,0,0
313,0314.jpg,0,0,0,0,0,0,0,0,0,0,0,1,0,0,0,0,0,0
314,0315.jpg,0,0,0,1,0,0,0,1,0,0,0,0,0,0,0,0,0,0
315,0316.jpg,0,0,0,0,0,0,0,1,0,0,0,0,0,0,0,0,0,0
316,0317.jpg,0,0,0,0,0,0,0,1,0,0,0,0,0,0,0,0,0,0
317,0318.jpg,0,0,1,0,0,0,0,0,0,0,0,0,0,0,0,1,0,0
318,0319.jpg,0,0,1,0,0,0,0,0,0,0,0,0,0,0,0,1,0,0
319,0320.jpg,0,0,1,0,0,0,0,0,0,0,0,0,0,0,0,0,0,0
320,0321.jpg,0,0,1,0,0,0,0,0,0,0,0,0,0,0,0,0,0,0
321,0322.jpg,0,1,0,0,0,0,0,0,1,0,0,0,0,0,0,0,0,0
322,0323.jpg,0,1,0,0,0,0,0,0,1,0,0,0,0,0,0,0,0,0
323,0324.jpg,0,1,0,0,0,0,0,0,0,0,0,0,0,0,0,0,0,0
324,0325.jpg,0,0,0,0,0,0,0,0,0,0,1,0,0,0,0,0,0,0
325,0326.jpg,0,0,0,0,0,0,0,0,0,0,1,0,0,0,0,0,0,0
326,0327.jpg,1,0,0,0,0,0,0,0,0,0,0,0,0,0,0,0,0,0
327,0328.jpg,0,0,0,0,0,0,0,0,1,0,0,0,0,0,0,0,0,0
328,0329.jpg,0,0,0,0,0,0,0,0,1,0,0,0,0,0,1,0,0,0
329,0330.jpg,0,0,0,0,0,0,0,0,1,0,0,0,0,0,1,0,0,0
330,0331.jpg,0,0,0,1,0,0,0,0,0,0,0,0,0,0,0,0,0,0
331,0332.jpg,0,0,0,1,0,0,0,0,0,0,0,0,0,0,0,1,0,0
332,0333.jpg,1,0,0,0,0,0,0,0,0,1,0,0,0,0,0,0,0,0
333,0334.jpg,0,0,0,0,0,0,0,0,0,1,0,0,0,0,1,0,0,0
334,0335.jpg,1,0,0,0,0,0,0,0,0,0,0,0,0,0,0,0,0,0
335,0336.jpg,0,0,0,0,0,0,0,1,0,0,0,0,0,0,0,0,0,0
336,0337.jpg,0,0,0,0,0,0,0,0,0,0,1,0,1,0,0,0,0,0
337,0338.jpg,0,0,0,0,0,0,0,0,0,0,1,0,1,0,0,0,0,0
338,0339.jpg,0,0,1,0,0,0,0,0,1,0,0,0,0,0,0,0,0,0
339,0340.jpg,0,0,1,0,0,0,0,0,1,0,0,0,0,0,0,0,0,0
340,0341.jpg,0,0,1,0,0,0,0,0,0,0,0,0,0,0,0,0,0,0
341,0342.jpg,0,0,1,0,0,0,0,0,0,0,0,0,0,0,0,1,0,0
342,0343.jpg,0,0,0,0,0,0,0,0,1,0,1,0,0,0,0,0,0,0
343,0344.jpg,0,0,0,0,0,0,0,0,1,0,1,0,0,0,0,0,0,0
344,0345.jpg,0,0,0,1,0,0,0,0,0,0,0,0,1,0,0,0,0,0
345,0346.jpg,0,0,0,1,0,0,0,0,0,0,0,0,1,0,0,0,0,0
346,0347.jpg,0,0,0,0,0,0,0,0,0,0,0,1,1,0,0,0,0,0
347,0348.jpg,0,0,0,0,0,0,0,0,0,0,0,1,1,0,0,0,0,0
348,0349.jpg,0,0,1,0,0,0,0,0,0,0,0,0,0,0,0,0,0,0
349,0350.jpg,0,0,1,0,0,0,0,0,0,0,0,0,0,0,0,0,0,0
350,0351.jpg,1,0,0,0,0,0,0,0,0,0,0,0,0,0,0,0,0,0
351,0352.jpg,1,0,0,0,0,0,0,0,0,0,0,0,0,0,0,0,0,0
352,0353.jpg,0,0,0,0,0,0,0,0,0,0,0,0,0,1,0,0,0,0
353,0354.jpg,0,0,0,0,0,0,0,0,0,0,0,0,0,1,0,0,0,0
354,0355.jpg,0,0,0,0,0,0,0,0,0,0,0,0,0,1,0,0,0,0
355,0356.jpg,0,0,0,0,0,0,0,0,0,0,0,0,0,1,0,0,0,0
356,0357.jpg,0,0,0,1,0,0,0,0,0,1,0,0,0,0,0,0,0,0
357,0358.jpg,0,0,0,0,0,0,0,0,0,0,1,0,0,0,0,0,0,0
358,0359.jpg,0,0,0,0,0,0,0,0,0,0,0,0,0,0,0,1,0,0
359,0360.jpg,0,0,0,0,0,0,0,0,0,0,1,0,0,0,0,0,0,0
360,0361.jpg,0,0,0,0,0,1,0,0,0,0,0,0,0,0,0,0,0,0
361,0362.jpg,0,0,0,0,0,1,0,0,0,0,0,0,0,0,0,0,0,0
362,0363.jpg,0,0,1,0,0,1,0,0,0,0,0,0,0,0,0,0,0,0
363,0364.jpg,0,0,1,0,0,1,0,0,0,0,0,0,0,0,0,0,0,0
364,0365.jpg,0,0,1,0,0,1,0,0,0,0,0,0,0,0,0,0,0,0
365,0366.jpg,0,0,1,0,0,0,0,0,0,0,0,0,0,0,0,0,0,0
366,0367.jpg,0,0,1,0,0,0,0,0,0,0,0,0,0,0,0,0,0,0
367,0368.jpg,0,0,1,0,0,0,0,0,0,0,0,0,0,0,0,0,0,0
368,0369.jpg,0,0,1,0,0,0,0,0,0,0,0,0,1,0,0,0,0,0
369,0370.jpg,0,0,1,0,0,0,0,0,0,0,0,0,0,0,0,0,0,0
370,0371.jpg,0,0,0,0,0,0,0,0,0,0,0,0,0,0,1,0,0,0
371,0372.jpg,0,0,0,0,0,0,0,0,0,0,0,0,0,0,1,0,0,0
372,0373.jpg,0,0,0,0,0,0,0,0,0,1,0,0,0,0,1,0,0,0
373,0374.jpg,0,0,0,0,0,0,0,0,0,0,1,0,0,0,0,0,1,0
374,0375.jpg,0,0,0,0,0,0,0,0,0,0,1,0,0,0,0,0,1,0
375,0376.jpg,0,0,0,0,0,0,0,0,0,0,1,0,0,0,0,0,1,0
376,0377.jpg,0,0,0,0,0,0,0,0,0,0,0,0,1,0,0,0,0,0
377,0378.jpg,0,0,0,0,0,1,0,0,0,0,0,0,0,0,0,0,0,0
378,0379.jpg,0,0,0,0,0,0,0,0,0,0,0,0,0,0,0,0,1,0
379,0380.jpg,0,0,0,0,0,0,0,0,0,0,1,0,0,0,1,0,0,0
380,0381.jpg,0,0,0,0,0,0,0,0,0,0,1,0,0,0,1,0,0,0
381,0382.jpg,0,0,1,0,0,0,0,0,0,0,0,0,0,0,0,0,0,0
382,0383.jpg,0,0,0,0,0,0,0,0,1,0,0,0,0,0,0,0,0,0
383,0384.jpg,0,0,0,0,0,0,0,0,0,1,0,0,0,0,1,0,0,0
384,0385.jpg,0,0,0,0,0,0,0,0,0,0,1,0,0,0,0,0,1,0
385,0386.jpg,0,0,0,0,0,0,0,0,0,0,1,0,0,0,0,0,0,0
386,0387.jpg,0,0,0,1,0,0,0,0,0,0,0,0,0,0,0,0,0,0
387,0388.jpg,0,0,0,1,0,0,0,0,0,0,0,0,0,0,0,0,0,0
388,0389.jpg,0,0,0,1,0,0,0,0,1,0,0,0,0,0,0,0,0,0
389,0390.jpg,0,1,0,0,0,0,0,0,0,0,0,0,0,0,0,0,0,0
390,0391.jpg,0,1,0,0,0,0,1,0,0,0,0,0,0,0,0,0,0,0
391,0392.jpg,0,1,0,0,0,0,1,0,0,0,0,0,0,0,0,0,0,0
392,0393.jpg,0,0,1,0,0,0,0,0,0,0,0,0,0,0,0,0,0,0
393,0394.jpg,0,0,1,0,0,0,0,0,0,0,0,0,0,0,0,0,0,0
394,0395.jpg,0,0,1,0,0,0,0,0,0,0,0,0,0,0,0,0,1,0
395,0396.jpg,1,0,0,0,0,0,0,0,0,1,0,0,0,0,0,0,0,0
396,0397.jpg,1,0,0,0,0,0,0,0,0,1,0,0,0,0,0,0,0,0
397,0398.jpg,1,0,0,0,0,0,0,0,0,1,0,0,0,0,0,0,0,0
398,0399.jpg,1,0,0,0,0,0,0,0,0,0,0,0,0,0,0,0,0,0
399,0400.jpg,1,0,1,0,0,0,0,0,0,0,0,0,0,0,0,0,0,0
400,0401.jpg,0,0,0,0,0,0,0,0,0,0,0,1,0,0,0,0,0,0
401,0402.jpg,0,0,0,0,0,0,0,0,0,0,0,1,0,0,0,0,0,0
402,0403.jpg,0,0,0,0,1,0,0,0,0,0,0,0,0,0,0,0,0,0
403,0404.jpg,0,0,0,0,1,0,0,0,0,0,0,0,0,0,0,0,0,0
404,0405.jpg,0,0,0,0,1,0,0,0,0,0,0,0,0,0,0,0,0,0
405,0406.jpg,0,0,0,1,0,0,0,1,0,0,0,0,0,0,0,0,0,0
406,0407.jpg,0,0,0,1,0,0,0,1,0,0,0,0,0,0,0,0,0,0
407,0408.jpg,0,0,0,0,0,0,0,0,0,0,0,0,1,0,0,0,0,0
408,0409.jpg,0,0,0,0,0,0,0,0,0,0,0,0,1,0,0,0,0,0
409,0410.jpg,0,0,0,0,0,0,0,0,0,0,0,0,1,0,0,0,1,0
410,0411.jpg,0,0,0,0,0,0,0,0,0,0,0,0,1,0,0,0,1,0
411,0412.jpg,0,0,0,0,0,0,0,0,0,0,0,1,0,0,0,0,0,0
412,0413.jpg,0,0,0,1,0,0,0,0,0,0,0,1,0,0,0,0,0,0
413,0414.jpg,0,0,0,0,0,0,0,0,0,1,0,1,0,0,0,0,0,0
414,0415.jpg,0,0,0,0,0,0,0,0,0,1,0,1,0,0,0,0,0,0
415,0416.jpg,0,0,0,0,0,0,0,0,0,1,0,1,0,0,0,0,0,0
416,0417.jpg,0,0,0,0,1,0,0,0,0,0,0,0,0,0,0,0,0,0
417,0418.jpg,0,0,1,0,0,0,0,0,0,0,0,0,0,0,0,0,0,0
418,0419.jpg,0,0,1,0,0,0,0,0,0,0,0,0,0,0,0,0,0,0
419,0420.jpg,0,0,0,1,0,0,0,0,0,0,0,0,0,0,0,0,0,0
420,0421.jpg,0,0,0,1,0,0,0,0,0,0,0,0,0,0,0,0,0,0
421,0422.jpg,0,0,1,0,0,0,0,0,0,0,0,0,0,0,0,0,0,0
422,0423.jpg,0,0,1,0,0,0,0,0,1,0,0,0,0,0,0,0,0,0
423,0424.jpg,1,0,0,0,0,0,0,0,0,0,0,0,0,0,0,0,0,0
424,0425.jpg,0,0,0,0,0,0,0,0,0,1,0,0,0,1,0,0,0,0
425,0426.jpg,0,0,0,0,0,0,0,0,0,1,0,0,0,1,0,0,0,0
426,0427.jpg,1,0,0,0,0,0,0,0,0,0,0,0,0,0,0,0,0,0
427,0428.jpg,1,0,0,0,0,0,0,0,0,0,0,0,0,0,0,0,0,0
428,0429.jpg,0,0,0,0,0,0,0,0,0,0,0,0,0,1,0,0,0,0
429,0430.jpg,0,0,0,0,0,0,0,0,0,1,0,0,0,0,0,1,0,0
430,0431.jpg,1,0,0,0,0,0,0,0,0,0,0,0,0,0,0,0,0,0
431,0432.jpg,1,0,0,0,0,0,0,0,0,0,0,0,0,0,0,0,0,0
432,0433.jpg,0,0,0,0,0,0,0,0,0,0,1,0,0,0,0,0,0,0
433,0434.jpg,0,0,0,0,0,0,0,1,0,0,0,0,0,0,0,1,0,0
434,0435.jpg,0,0,0,0,0,0,0,1,0,0,0,0,0,0,0,1,0,0
435,0436.jpg,0,0,0,0,0,0,0,0,0,0,1,0,0,0,0,0,1,0
436,0437.jpg,0,0,0,0,0,0,0,0,0,0,1,0,0,0,0,0,1,0
437,0438.jpg,0,0,0,0,0,0,0,0,0,0,0,0,1,0,0,0,0,0
438,0439.jpg,0,0,0,0,0,0,0,0,0,0,1,0,0,0,0,0,0,1
439,0440.jpg,1,0,0,0,0,0,0,0,0,0,0,0,0,0,0,0,0,0
440,0441.jpg,1,0,0,0,0,0,0,0,0,1,0,0,0,0,0,0,0,0
441,0442.jpg,0,0,0,0,0,0,0,0,0,0,0,0,0,1,0,1,0,0
442,0443.jpg,0,0,0,0,0,0,0,0,1,0,0,0,0,0,1,0,0,0
443,0444.jpg,0,0,0,0,0,0,0,0,1,0,0,0,0,0,1,0,0,0
444,0445.jpg,0,0,0,0,0,0,0,0,1,0,0,0,0,0,1,0,0,0
445,0446.jpg,1,0,0,0,0,0,0,0,0,0,0,0,0,0,0,0,0,0
446,0447.jpg,0,0,0,0,0,0,1,0,0,0,0,0,0,0,0,0,0,0
447,0448.jpg,0,0,0,0,0,0,1,0,0,0,0,0,0,0,0,0,1,0
448,0449.jpg,0,0,0,0,0,0,0,0,1,0,0,0,0,0,0,0,0,0
449,0450.jpg,0,0,0,0,0,0,0,0,1,0,0,0,0,0,0,0,0,0
450,0451.jpg,0,0,0,0,0,0,0,1,0,0,0,1,0,0,0,0,0,0
451,0452.jpg,0,0,0,0,0,0,0,1,0,0,0,0,0,0,0,1,0,0
452,0453.jpg,0,0,0,0,0,0,1,1,0,0,0,0,0,0,0,0,0,0
453,0454.jpg,0,0,0,0,0,0,1,1,0,0,0,0,0,0,0,0,0,0
454,0455.jpg,0,0,0,1,0,0,0,0,0,0,0,0,0,0,0,0,0,0
455,0456.jpg,0,0,1,0,0,0,0,0,0,0,0,0,0,0,0,0,0,0
456,0457.jpg,0,0,1,0,0,0,0,0,0,0,0,0,0,0,0,0,0,0
457,0458.jpg,0,0,1,0,0,0,0,0,0,1,0,0,0,0,0,0,0,0
458,0459.jpg,0,0,0,1,0,1,0,0,0,0,0,0,0,0,0,0,0,0
459,0460.jpg,0,0,0,1,0,1,0,0,0,0,0,0,0,0,0,0,0,0
460,0461.jpg,0,0,0,0,0,1,0,0,0,0,0,0,0,0,0,1,0,0
461,0462.jpg,0,0,0,0,1,0,0,0,0,0,0,0,0,0,0,0,1,0
462,0463.jpg,1,0,0,0,0,0,0,0,0,0,0,0,0,0,0,0,0,0
463,0464.jpg,0,0,0,0,0,0,0,0,1,0,0,0,1,0,0,0,0,0
464,0465.jpg,0,0,0,1,0,0,0,0,0,0,0,0,0,0,0,0,0,0
465,0466.jpg,0,0,0,0,1,0,0,0,0,0,0,0,0,0,0,0,0,0
466,0467.jpg,0,1,0,0,0,0,0,0,0,0,0,0,0,0,0,0,0,0
467,0468.jpg,0,0,0,0,0,0,0,0,0,1,0,0,0,0,0,0,0,1
468,0469.jpg,0,0,0,0,0,0,0,0,0,1,0,1,0,0,0,0,0,0
469,0470.jpg,0,0,0,1,0,0,0,0,0,0,0,0,0,0,0,0,0,0
470,0471.jpg,0,0,0,0,0,1,0,0,0,0,0,0,0,0,0,0,0,0
471,0472.jpg,0,0,0,0,0,0,0,0,1,1,0,0,0,0,0,0,0,0
472,0473.jpg,0,0,0,0,0,1,0,0,1,0,0,0,0,0,0,0,0,0
473,0474.jpg,1,0,0,0,0,0,0,0,0,0,0,0,0,0,0,0,0,0
474,0475.jpg,0,0,0,0,0,0,1,0,0,0,1,0,0,0,0,0,0,0
475,0476.jpg,0,0,0,0,0,0,0,0,0,0,0,0,1,0,0,0,1,0
476,0477.jpg,0,0,0,0,0,0,0,0,0,0,0,0,0,1,0,0,0,0
477,0478.jpg,0,0,0,0,0,1,0,0,0,0,0,0,0,1,0,0,0,0
478,0479.jpg,0,0,0,0,1,0,0,0,0,0,0,0,0,1,0,0,0,0
479,0480.jpg,0,0,0,0,0,0,0,0,0,0,1,0,0,0,0,0,0,0
480,0481.jpg,0,0,0,0,0,0,0,0,0,0,1,0,0,0,0,0,0,0
481,0482.jpg,0,0,0,0,0,0,0,0,0,0,1,0,0,0,0,0,0,0
482,0483.jpg,0,0,0,0,0,0,0,0,0,0,0,0,0,0,1,0,1,0
483,0484.jpg,0,0,1,0,0,0,0,0,0,0,0,0,0,0,1,0,0,0
484,0485.jpg,0,1,0,0,0,0,0,0,0,0,0,0,0,0,0,0,1,0
485,0486.jpg,1,0,0,0,0,0,0,0,0,0,0,0,0,0,0,0,0,0
486,0487.jpg,0,0,0,0,0,0,0,0,0,0,0,0,0,1,1,0,0,0
487,0488.jpg,0,0,0,0,0,0,0,0,0,0,1,0,0,0,0,0,0,0
488,0489.jpg,0,0,1,0,0,0,0,0,0,0,0,0,0,0,0,0,0,0
489,0490.jpg,0,0,1,0,0,0,0,0,0,0,0,0,0,0,0,0,0,0
490,0491.jpg,0,0,0,0,0,0,0,0,0,0,0,0,0,0,0,1,0,0
491,0492.jpg,0,0,0,1,0,0,0,0,0,0,0,0,0,0,0,0,0,0
492,0493.jpg,1,0,0,0,0,0,0,0,0,0,0,0,0,0,0,0,0,0
493,0494.jpg,0,1,0,0,0,0,0,0,0,0,1,0,0,0,0,0,0,0
494,0495.jpg,0,0,0,1,0,0,0,0,0,0,0,0,0,0,0,0,0,0
495,0496.jpg,0,0,0,1,0,0,0,0,0,0,0,0,0,0,0,0,0,0
496,0497.jpg,0,0,0,1,0,0,0,0,0,0,0,0,0,0,0,0,0,0
497,0498.jpg,0,1,0,0,0,0,0,0,0,0,0,0,0,0,0,0,0,0
498,0499.jpg,0,1,0,0,0,0,1,0,0,0,0,0,0,0,0,0,0,0
499,0500.jpg,0,1,0,0,0,0,1,0,0,0,0,0,0,0,0,0,0,0
500,0501.jpg,0,0,1,0,0,0,0,0,0,0,0,0,0,0,0,0,0,0
501,0502.jpg,0,0,1,0,0,0,0,0,0,0,0,0,0,0,0,0,0,0
502,0503.jpg,0,0,1,0,0,0,0,0,0,0,0,0,0,0,0,0,0,0
503,0504.jpg,1,0,0,0,0,0,0,0,0,0,0,0,0,0,0,0,0,0
504,0505.jpg,1,0,0,0,0,0,0,0,0,0,0,0,0,0,0,0,0,0
505,0506.jpg,1,0,0,0,0,0,0,0,0,0,0,0,0,0,0,0,0,0
506,0507.jpg,1,0,0,0,0,0,0,0,0,0,0,0,0,0,0,0,0,0
507,0508.jpg,1,0,0,0,0,0,0,0,0,0,0,0,0,0,0,0,0,0
508,0509.jpg,0,0,0,0,0,0,0,0,0,0,0,0,0,0,0,1,0,0
509,0510.jpg,0,0,0,0,0,0,0,0,0,0,0,0,0,0,0,1,0,0
510,0511.jpg,0,0,0,1,0,0,0,0,0,0,0,0,0,0,0,0,0,0
511,0512.jpg,0,0,0,1,0,0,0,0,0,0,0,0,0,0,0,0,0,0
512,0513.jpg,0,1,0,0,0,0,0,0,0,0,0,0,0,0,0,0,0,0
513,0514.jpg,0,1,0,0,0,0,0,0,0,0,0,0,0,0,0,0,0,0
514,0515.jpg,0,0,1,0,0,0,0,0,0,0,0,0,0,0,0,0,0,0
515,0516.jpg,0,0,1,0,0,0,0,0,0,0,0,0,0,0,0,0,0,0
516,0517.jpg,0,0,0,0,0,0,0,0,0,0,1,0,0,0,0,0,0,0
517,0518.jpg,0,0,0,0,0,0,0,0,0,0,1,0,0,0,0,0,0,0
518,0519.jpg,1,0,0,0,0,0,0,0,0,1,0,0,0,0,0,0,0,0
519,0520.jpg,1,0,0,0,0,0,0,0,0,1,0,0,0,0,0,0,0,0
520,0521.jpg,1,0,0,0,0,0,0,0,0,1,0,0,0,0,0,0,0,0
521,0522.jpg,0,0,0,0,1,0,0,0,0,0,0,0,0,0,0,0,0,0
522,0523.jpg,0,0,0,0,1,0,0,0,0,0,0,0,0,0,0,0,0,0
523,0524.jpg,0,0,0,0,0,0,0,0,0,0,0,0,1,0,0,0,0,0
524,0525.jpg,0,0,0,0,0,0,0,0,0,0,0,0,1,0,0,0,0,0
525,0526.jpg,0,0,0,0,0,0,0,0,0,0,0,0,1,0,0,0,0,0
526,0527.jpg,0,0,0,0,0,0,0,0,0,1,1,0,0,0,0,0,0,0
527,0528.jpg,0,0,0,0,0,0,0,0,0,1,1,0,0,0,0,0,0,0
528,0529.jpg,0,0,0,0,0,0,0,0,1,0,0,0,0,0,0,0,0,0
529,0530.jpg,0,0,0,0,0,0,0,0,1,0,0,0,0,0,0,0,1,0
530,0531.jpg,1,0,0,0,0,0,0,0,0,0,0,0,0,0,0,0,0,0
531,0532.jpg,0,0,0,0,0,0,1,0,0,0,0,0,0,0,0,0,0,0
532,0533.jpg,0,0,0,0,0,0,1,0,0,0,0,0,0,0,0,0,0,0
533,0534.jpg,0,0,0,0,0,0,1,0,0,0,0,0,0,0,0,0,0,0
534,0535.jpg,0,0,1,0,0,0,0,0,0,0,0,0,0,0,0,0,0,0
535,0536.jpg,0,0,1,0,0,0,0,0,1,0,0,0,0,0,0,0,0,0
536,0537.jpg,0,0,1,0,0,0,0,0,1,0,0,0,0,0,0,0,0,0
537,0538.jpg,0,0,0,0,0,0,1,0,0,0,0,0,0,0,0,0,0,0
538,0539.jpg,0,0,0,0,0,0,1,0,0,0,0,0,0,0,0,0,0,0
539,0540.jpg,0,0,0,1,0,0,0,0,0,0,0,1,0,0,0,0,0,0
540,0541.jpg,0,0,0,1,0,0,0,0,0,0,0,1,0,0,0,0,0,0
541,0542.jpg,0,0,0,1,0,0,0,0,0,0,0,1,0,0,0,0,0,0
542,0543.jpg,0,0,0,0,0,0,0,1,0,0,0,1,0,0,0,0,0,0
543,0544.jpg,0,0,0,0,0,0,0,1,0,0,0,1,0,0,0,0,0,0
544,0545.jpg,0,0,0,0,0,0,0,1,0,0,0,1,0,0,0,0,0,0
545,0546.jpg,0,0,0,1,0,0,0,0,0,0,0,0,0,0,0,0,0,1
546,0547.jpg,0,0,0,1,0,0,0,0,0,0,0,0,0,0,0,0,0,1
547,0548.jpg,0,0,0,1,0,0,0,0,0,0,0,0,0,0,0,0,0,0
548,0549.jpg,0,0,0,1,0,0,0,0,0,0,0,0,0,0,0,0,0,0
549,0550.jpg,0,0,1,0,0,0,0,0,0,0,0,0,0,0,0,0,0,0
550,0551.jpg,0,0,0,0,0,0,0,0,1,0,0,0,0,0,0,1,0,0
551,0552.jpg,0,0,0,0,0,0,0,0,1,0,0,0,0,0,0,1,0,0
552,0553.jpg,0,0,0,0,0,0,0,0,1,0,0,0,0,0,0,1,0,0
553,0554.jpg,0,1,0,0,0,0,0,0,0,0,0,0,0,0,0,0,0,0
554,0555.jpg,0,1,0,0,0,0,0,0,0,0,0,0,0,0,0,0,0,0
555,0556.jpg,0,0,0,1,0,0,0,0,0,0,0,0,0,0,0,0,0,0
556,0557.jpg,0,0,0,0,0,0,0,0,0,0,0,1,1,0,0,0,0,0
557,0558.jpg,0,0,0,0,0,0,0,0,0,0,0,1,1,0,0,0,0,0
558,0559.jpg,0,0,0,0,0,0,1,0,0,0,0,0,0,0,0,1,0,0
559,0560.jpg,0,0,0,0,0,0,1,0,0,0,0,0,0,0,0,1,0,0
560,0561.jpg,0,0,0,0,0,0,0,0,0,1,1,0,0,0,0,0,0,0
561,0562.jpg,0,0,0,0,0,0,0,0,0,0,0,0,0,1,0,0,0,0
562,0563.jpg,0,0,0,0,0,0,0,0,0,0,0,0,0,1,0,0,0,0
563,0564.jpg,0,0,1,0,0,0,0,0,0,0,0,0,1,0,0,0,0,0
564,0565.jpg,0,0,1,0,0,0,0,0,0,0,0,0,1,0,0,0,0,0
565,0566.jpg,0,0,0,0,0,0,0,0,0,1,0,0,1,0,0,0,0,0
566,0567.jpg,0,0,0,0,0,0,0,0,0,1,0,0,1,0,0,0,0,0
567,0568.jpg,0,0,0,0,0,0,0,1,0,0,0,0,0,0,0,0,0,0
568,0569.jpg,0,0,0,0,0,0,0,1,0,0,0,0,0,0,0,0,0,0
569,0570.jpg,0,0,0,0,0,0,0,0,0,0,0,0,0,0,0,1,0,0
570,0571.jpg,0,0,0,0,0,0,0,0,0,0,0,0,0,0,0,1,0,0
571,0572.jpg,1,0,0,0,0,0,0,0,0,0,0,0,0,0,0,0,0,0
572,0573.jpg,1,0,0,0,0,0,0,0,0,0,0,0,0,0,0,0,0,0
573,0574.jpg,0,0,0,0,0,0,0,0,0,0,1,0,0,0,0,0,0,0
574,0575.jpg,0,0,0,0,0,0,0,0,0,0,1,0,0,0,0,0,0,0
575,0576.jpg,0,0,0,0,0,0,0,0,0,0,1,0,0,0,0,0,0,0
576,0577.jpg,0,0,0,0,0,0,0,0,0,0,1,0,0,0,0,0,0,0
577,0578.jpg,0,0,0,0,0,0,0,0,0,0,1,0,0,0,0,0,0,0
578,0579.jpg,0,0,0,0,0,0,0,0,0,0,1,0,0,0,0,0,0,0
579,0580.jpg,0,0,1,0,0,0,0,0,0,1,0,0,0,0,0,0,0,0
580,0581.jpg,0,0,1,0,0,0,0,0,0,1,0,0,0,0,0,0,0,0
581,0582.jpg,0,0,0,0,0,1,0,0,0,0,0,0,0,0,0,0,0,0
582,0583.jpg,0,0,0,0,0,1,0,0,0,0,0,0,0,0,0,0,0,0
583,0584.jpg,0,0,0,0,0,1,0,0,0,0,0,0,0,0,0,0,0,0
584,0585.jpg,1,0,0,1,0,0,0,0,0,0,0,0,0,0,0,0,0,0
585,0586.jpg,1,0,0,1,0,0,0,0,0,0,0,0,0,0,0,0,0,0
586,0587.jpg,0,0,0,0,1,0,0,0,0,1,0,0,0,0,0,0,0,0
587,0588.jpg,0,0,0,0,0,0,0,0,0,0,0,1,0,0,0,0,0,0
588,0589.jpg,0,0,0,0,0,0,0,0,0,0,0,1,0,0,0,0,1,0
589,0590.jpg,0,0,0,1,0,0,0,1,0,0,0,0,0,0,0,0,0,0
590,0591.jpg,0,0,0,1,0,0,0,1,0,0,0,0,0,0,0,0,0,0
591,0592.jpg,0,0,1,0,0,0,0,0,0,0,0,0,0,1,0,0,0,0
592,0593.jpg,0,0,1,0,0,0,0,0,0,0,0,0,0,1,0,0,0,0
593,0594.jpg,0,0,1,0,0,0,0,0,0,0,0,0,0,0,0,0,0,0
594,0595.jpg,0,0,0,0,1,0,0,0,0,0,0,1,0,0,0,0,0,0
595,0596.jpg,0,0,0,0,1,0,0,0,0,0,0,1,0,0,0,0,0,0
596,0597.jpg,0,0,0,1,0,0,0,0,0,0,0,0,0,0,0,0,1,0
597,0598.jpg,0,0,0,1,0,0,0,0,0,0,0,0,0,0,0,0,1,0
598,0599.jpg,0,0,0,0,0,0,0,0,0,0,0,0,0,0,0,0,1,0
599,0600.jpg,0,0,0,0,0,0,0,0,0,0,0,0,0,0,0,0,1,0
600,0601.jpg,0,0,0,0,0,0,0,0,0,0,0,0,0,0,0,0,1,0
601,0602.jpg,0,0,0,0,1,0,0,0,0,0,0,0,0,0,0,0,0,0
602,0603.jpg,0,0,0,0,1,0,0,0,0,0,0,0,0,0,0,0,0,0
603,0604.jpg,0,0,0,0,1,0,0,0,0,0,0,0,0,0,0,0,0,0
604,0605.jpg,0,0,0,0,0,0,0,0,0,0,1,0,0,0,0,0,0,0
605,0606.jpg,0,0,0,0,0,0,0,0,0,0,1,0,0,0,0,0,0,0
606,0607.jpg,0,1,0,0,0,0,0,0,0,0,0,0,0,1,0,0,0,0
607,0608.jpg,0,1,0,0,0,0,0,0,0,0,0,0,0,1,0,0,0,0
608,0609.jpg,0,1,0,0,0,0,0,0,0,0,0,0,0,1,0,0,0,0
609,0610.jpg,0,0,0,0,0,0,0,0,0,0,0,0,0,0,1,0,0,0
610,0611.jpg,0,0,0,0,0,0,0,0,0,0,0,0,0,0,1,0,0,0
611,0612.jpg,0,0,0,0,0,0,0,0,0,0,0,0,0,0,1,0,0,0
612,0613.jpg,0,0,0,0,0,1,0,0,0,0,0,0,0,0,0,0,0,0
613,0614.jpg,0,0,0,0,0,1,0,0,0,0,0,0,0,0,0,0,0,0
614,0615.jpg,0,0,0,0,0,1,0,0,0,0,0,0,0,0,0,0,0,0
615,0616.jpg,0,0,0,0,0,0,0,0,0,0,0,1,0,0,0,0,0,0
616,0617.jpg,0,0,0,0,0,0,0,0,0,0,0,1,0,0,0,0,0,0
617,0618.jpg,0,0,0,0,1,0,0,0,1,0,0,0,0,0,0,0,0,0
618,0619.jpg,0,0,0,0,0,0,1,0,0,0,0,0,0,0,0,0,0,0
619,0620.jpg,0,0,0,0,0,0,1,0,0,0,0,0,0,0,0,0,0,0
620,0621.jpg,0,0,0,0,0,0,0,0,0,0,0,0,0,0,1,0,0,0
621,0622.jpg,0,0,0,0,0,0,0,0,1,0,0,0,0,1,0,0,0,0
622,0623.jpg,0,0,0,0,0,0,0,0,1,0,0,0,0,1,0,0,0,0
623,0624.jpg,0,0,0,0,0,0,0,0,0,0,0,0,0,0,0,1,1,0
624,0625.jpg,0,0,0,0,0,0,0,0,0,0,0,0,0,0,0,1,1,0
625,0626.jpg,1,0,0,0,0,0,0,0,0,0,0,0,0,0,0,0,0,0
626,0627.jpg,1,0,0,0,0,0,0,0,0,1,0,0,0,0,0,0,0,0
627,0628.jpg,1,0,0,0,0,0,0,0,0,1,0,0,0,0,0,0,0,0
628,0629.jpg,0,0,0,0,0,0,0,0,0,1,0,0,0,0,0,1,0,0
629,0630.jpg,0,0,0,0,0,0,0,0,0,1,0,0,0,0,0,1,0,0
630,0631.jpg,0,1,0,0,0,0,0,0,0,0,0,0,0,0,0,0,0,0
631,0632.jpg,0,0,0,0,0,0,0,0,0,0,0,1,0,0,0,0,1,0
632,0633.jpg,0,0,0,0,0,0,0,0,0,0,0,0,0,0,1,1,0,0
633,0634.jpg,0,0,0,0,0,0,0,0,0,0,0,0,0,0,1,1,0,0
634,0635.jpg,0,0,0,0,0,0,0,0,0,0,0,0,0,0,1,1,0,0
635,0636.jpg,0,1,0,0,0,0,0,0,0,0,0,1,0,0,0,0,0,0
636,0637.jpg,0,1,0,0,0,0,0,0,0,0,0,1,0,0,0,0,0,0
637,0638.jpg,0,0,0,0,0,0,1,0,0,0,0,0,0,0,0,0,1,0
638,0639.jpg,0,0,0,0,0,0,1,0,0,0,0,0,1,0,0,0,0,0
639,0640.jpg,0,0,0,1,0,0,1,0,0,0,0,0,0,0,0,0,0,0
640,0641.jpg,0,0,0,0,0,0,0,0,0,1,0,0,0,0,0,0,0,0
641,0642.jpg,0,0,0,0,1,0,0,0,0,1,0,0,0,0,0,0,0,0
642,0643.jpg,0,1,0,0,0,0,0,0,0,0,0,0,0,0,1,0,0,0
643,0644.jpg,0,0,0,0,1,0,0,0,0,0,0,0,0,0,1,0,0,0
644,0645.jpg,0,0,0,0,0,0,0,0,1,1,0,0,0,0,0,0,0,0
645,0646.jpg,0,0,0,0,0,1,0,0,0,0,0,0,0,0,1,0,0,0
646,0647.jpg,0,0,1,0,0,0,1,0,0,0,0,0,0,0,0,0,0,0
647,0648.jpg,1,0,0,0,0,0,0,0,0,0,1,0,0,0,0,0,0,0
648,0649.jpg,0,0,0,0,0,0,0,0,0,0,0,1,0,0,0,0,1,0
649,0650.jpg,0,0,0,1,0,0,0,0,0,0,0,0,0,0,0,0,0,0
650,0651.jpg,0,0,0,1,0,0,0,0,0,0,0,0,0,0,0,0,0,0
651,0652.jpg,0,0,0,1,0,0,1,0,0,0,0,0,0,0,0,0,0,0
652,0653.jpg,0,1,0,0,0,0,0,0,0,0,0,0,0,0,0,0,0,0
653,0654.jpg,0,1,0,0,0,0,0,0,0,0,0,0,0,0,0,0,0,0
654,0655.jpg,0,1,0,0,0,0,0,0,0,0,1,0,0,0,0,0,0,0
655,0656.jpg,0,0,1,0,0,0,0,0,0,0,0,0,0,0,0,0,0,0
656,0657.jpg,0,0,1,0,0,0,0,0,0,0,0,0,0,0,0,0,0,0
657,0658.jpg,0,0,1,0,0,0,0,0,0,0,0,0,0,0,0,1,0,0
658,0659.jpg,1,0,0,0,0,0,0,0,0,0,0,0,0,0,0,0,0,0
659,0660.jpg,1,0,0,0,0,0,0,0,1,0,0,0,0,0,0,0,0,0
660,0661.jpg,1,0,0,0,0,0,0,0,0,1,0,0,0,0,0,0,0,0
661,0662.jpg,0,1,0,0,0,0,0,0,0,1,0,0,0,0,0,0,0,0
662,0663.jpg,0,1,0,0,0,0,0,0,0,1,0,0,0,0,0,0,0,0
663,0664.jpg,0,0,0,0,0,0,0,0,0,0,0,1,0,0,0,0,0,0
664,0665.jpg,0,0,0,0,0,0,0,0,0,0,0,1,0,0,0,0,0,0
665,0666.jpg,0,0,0,0,0,0,0,0,0,1,0,1,0,0,0,0,0,0
666,0667.jpg,1,1,0,0,0,0,0,0,0,0,0,0,0,0,0,0,0,0
667,0668.jpg,1,1,0,0,0,0,0,0,0,0,0,0,0,0,0,0,0,0
668,0669.jpg,0,0,0,0,0,0,0,0,0,0,0,0,0,0,0,0,0,1
669,0670.jpg,0,0,0,0,0,0,0,0,0,0,0,0,0,0,0,0,0,1
670,0671.jpg,0,0,0,0,0,0,0,0,0,0,0,0,0,0,0,0,0,1
671,0672.jpg,0,0,0,1,0,0,0,0,0,0,0,0,0,0,0,0,0,0
672,0673.jpg,0,0,0,1,0,0,0,0,0,0,0,0,0,0,0,0,0,0
673,0674.jpg,0,0,0,0,0,0,1,0,0,0,0,0,0,0,0,0,0,0
674,0675.jpg,0,0,0,0,0,0,1,0,0,0,0,0,0,0,0,1,0,0
675,0676.jpg,1,0,0,0,0,0,0,0,0,0,0,0,0,0,0,0,0,0
676,0677.jpg,0,0,0,0,0,0,0,0,0,0,1,0,0,0,0,0,0,0
677,0678.jpg,0,0,0,0,0,0,0,0,0,0,1,0,0,0,0,0,0,0
678,0679.jpg,0,0,0,0,0,0,0,0,0,0,0,0,0,1,0,0,1,0
679,0680.jpg,0,0,0,0,0,0,0,0,0,0,0,0,0,1,0,0,1,0
680,0681.jpg,0,0,0,0,0,0,0,0,0,0,0,0,0,1,0,0,1,0
681,0682.jpg,0,0,0,0,0,0,0,0,0,0,0,0,0,0,0,0,0,1
682,0683.jpg,0,0,0,0,0,0,0,0,0,0,0,0,0,0,0,0,0,1
683,0684.jpg,0,0,0,0,0,0,0,0,0,0,0,0,0,0,0,0,0,1
684,0685.jpg,0,0,0,0,0,0,0,0,0,0,0,0,0,0,0,0,0,1
685,0686.jpg,0,0,0,0,0,0,0,0,0,0,1,0,0,0,0,1,0,0
686,0687.jpg,0,0,0,0,0,0,0,0,0,0,1,0,0,0,0,1,0,0
687,0688.jpg,0,0,1,0,0,0,0,0,0,0,0,0,1,0,0,0,0,0
688,0689.jpg,0,0,1,0,0,0,0,0,0,0,0,0,1,0,0,0,0,0
689,0690.jpg,0,0,1,0,0,0,0,1,0,0,0,0,0,0,0,0,0,0
690,0691.jpg,0,0,0,0,0,0,0,1,0,0,0,0,0,0,1,0,0,0
691,0692.jpg,0,0,1,0,0,0,0,0,0,0,0,0,0,0,0,0,0,0
692,0693.jpg,0,0,1,0,0,0,0,0,0,0,0,0,0,0,0,0,0,0
693,0694.jpg,1,0,0,0,1,0,0,0,0,0,0,0,0,0,0,0,0,0
694,0695.jpg,1,0,0,0,1,0,0,0,0,0,0,0,0,0,0,0,0,0
695,0696.jpg,0,0,0,0,0,0,0,0,0,0,0,0,1,0,1,0,0,0
696,0697.jpg,0,0,0,0,0,0,0,0,0,0,0,0,1,0,1,0,0,0
697,0698.jpg,0,0,0,0,0,1,0,0,0,0,0,0,1,0,0,0,0,0
698,0699.jpg,0,0,0,0,0,1,0,0,0,0,0,0,1,0,0,0,0,0
699,0700.jpg,0,0,0,0,0,0,0,0,0,0,0,0,0,0,0,0,0,1
700,0701.jpg,0,0,0,0,0,0,1,0,0,1,0,0,0,0,0,0,0,0
701,0702.jpg,0,0,0,0,1,0,0,0,0,0,0,0,0,0,0,0,0,1
702,0703.jpg,0,0,0,0,0,0,0,0,0,0,0,0,1,0,0,0,0,1
703,0704.jpg,0,0,0,0,0,0,0,0,0,0,0,0,0,0,1,0,0,0
704,0705.jpg,0,0,0,0,0,0,0,0,0,0,0,0,0,0,1,0,0,0
705,0706.jpg,0,0,0,0,0,0,0,0,0,0,0,0,0,0,1,0,0,0
706,0707.jpg,0,0,0,0,0,0,0,0,0,0,0,0,0,0,0,0,1,1
707,0708.jpg,0,0,0,1,0,0,0,0,0,0,0,0,0,1,0,0,0,0
708,0709.jpg,0,0,0,1,0,0,0,0,0,0,0,0,0,1,0,0,0,0
709,0710.jpg,0,0,0,1,0,0,0,0,0,0,0,0,0,1,0,0,0,0
710,0711.jpg,0,0,0,1,0,0,0,0,0,0,0,0,0,1,0,0,0,0
711,0712.jpg,0,0,0,0,0,1,0,0,0,0,0,0,0,0,0,0,0,0
712,0713.jpg,0,0,0,0,0,1,0,0,0,0,0,0,0,0,0,0,0,0
713,0714.jpg,0,0,0,0,0,0,0,0,0,1,0,0,0,0,1,0,0,0
714,0715.jpg,0,0,0,0,0,0,0,0,0,1,0,0,0,0,1,0,0,0
715,0716.jpg,0,0,0,0,0,0,0,0,0,0,0,0,0,0,0,0,0,1
716,0717.jpg,0,0,0,0,0,0,0,0,0,1,0,0,0,0,0,1,0,0
717,0718.jpg,0,0,0,0,0,0,0,0,1,0,0,0,0,0,1,0,0,0
718,0719.jpg,0,0,0,0,0,0,0,0,0,0,0,0,1,0,0,0,0,1
719,0720.jpg,0,0,0,0,0,0,0,0,0,0,1,0,0,1,0,0,0,0
720,0721.jpg,0,1,1,0,0,0,0,0,0,0,0,0,0,0,0,0,0,0
721,0722.jpg,0,0,0,1,0,0,0,0,0,1,0,0,0,0,0,0,0,0
722,0723.jpg,0,0,0,1,0,0,0,0,0,1,0,0,0,0,0,0,0,0
723,0724.jpg,0,0,0,1,0,0,0,0,0,0,0,0,0,1,0,0,0,0
724,0725.jpg,0,1,0,0,0,0,0,0,0,0,0,0,0,0,0,0,0,0
725,0726.jpg,0,1,0,0,0,0,0,0,0,0,0,0,0,0,0,0,0,0
726,0727.jpg,0,1,0,0,0,0,0,0,0,0,0,0,0,0,0,1,0,0
727,0728.jpg,0,0,1,0,0,0,0,0,0,0,0,0,0,0,0,0,0,0
728,0729.jpg,0,0,1,0,0,0,0,0,0,0,0,0,0,0,0,0,0,0
729,0730.jpg,0,0,1,0,0,0,0,0,0,0,0,0,0,0,0,0,0,1
730,0731.jpg,1,0,0,0,0,0,0,0,0,1,0,0,0,0,0,0,0,0
731,0732.jpg,1,0,0,0,0,0,0,0,0,1,0,0,0,0,0,0,0,0
732,0733.jpg,1,0,0,0,0,0,0,0,0,1,0,0,0,0,0,0,0,0
733,0734.jpg,1,0,0,0,0,0,0,0,0,0,0,0,0,0,0,0,0,0
734,0735.jpg,1,0,0,0,0,0,0,0,0,0,0,0,0,0,0,0,0,0
735,0736.jpg,0,0,0,0,0,0,0,0,0,0,0,1,0,0,0,0,0,0
736,0737.jpg,0,0,0,0,1,0,0,0,0,0,0,1,0,0,0,0,0,0
737,0738.jpg,0,0,0,0,1,0,0,0,0,0,0,1,0,0,0,0,0,0
738,0739.jpg,0,0,0,0,0,0,1,0,0,0,0,0,0,0,0,0,0,0
739,0740.jpg,0,0,0,0,0,1,1,0,0,0,0,0,0,0,0,0,0,0
740,0741.jpg,0,1,0,0,0,0,0,0,0,1,0,0,0,0,0,0,0,0
741,0742.jpg,0,0,0,0,0,0,0,0,0,0,0,1,0,0,0,0,0,1
742,0743.jpg,0,0,0,0,0,0,0,0,0,0,0,1,0,0,0,0,0,1
743,0744.jpg,0,0,0,0,0,0,0,0,0,0,0,0,1,0,0,0,0,0
744,0745.jpg,0,0,0,0,0,0,0,0,0,0,0,0,1,0,0,0,0,0
745,0746.jpg,0,0,1,0,0,0,0,0,0,0,0,0,0,0,0,0,0,0
746,0747.jpg,0,0,1,0,0,0,0,1,0,0,0,0,0,0,0,0,0,0
747,0748.jpg,0,0,1,0,0,0,0,1,0,0,0,0,0,0,0,0,0,0
748,0749.jpg,0,0,0,0,0,0,0,0,1,0,0,0,0,0,0,0,0,0
749,0750.jpg,0,0,0,0,0,0,0,0,1,0,0,0,0,0,0,0,0,0
750,0751.jpg,0,0,1,0,0,0,0,0,0,0,0,1,0,0,0,0,0,0
751,0752.jpg,0,0,1,0,0,0,0,0,0,0,0,1,0,0,0,0,0,0
752,0753.jpg,0,0,0,1,0,0,0,0,0,0,0,0,0,0,0,0,0,0
753,0754.jpg,0,0,0,1,0,0,0,0,0,0,0,0,0,0,0,0,0,0
754,0755.jpg,0,0,0,1,0,0,0,0,0,0,0,0,0,0,0,0,0,1
755,0756.jpg,0,0,0,1,0,0,0,0,0,0,0,0,0,0,0,0,0,1
756,0757.jpg,0,1,0,0,0,0,0,1,0,0,0,0,0,0,0,0,0,0
757,0758.jpg,0,1,0,0,0,0,0,1,0,0,0,0,0,0,0,0,0,0
758,0759.jpg,1,0,0,0,0,0,1,0,0,0,0,0,0,0,0,0,0,0
759,0760.jpg,1,0,0,0,0,0,1,0,0,0,0,0,0,0,0,0,0,0
760,0761.jpg,0,0,0,1,0,0,0,0,0,0,0,0,0,0,0,0,0,0
761,0762.jpg,0,0,0,1,0,0,0,0,0,0,0,0,0,0,0,0,0,0
762,0763.jpg,0,0,0,1,0,0,0,0,0,0,0,0,0,0,0,0,0,0
763,0764.jpg,0,0,0,0,0,0,0,0,0,0,0,0,0,0,0,0,0,1
764,0765.jpg,1,0,0,0,0,0,0,0,0,0,1,0,0,0,0,0,0,0
765,0766.jpg,0,0,0,0,0,0,1,0,0,0,0,0,0,0,0,0,0,0
766,0767.jpg,0,0,1,0,0,0,0,0,0,0,0,1,0,0,0,0,0,0
767,0768.jpg,0,0,1,0,0,0,0,0,0,0,0,1,0,0,0,0,0,0
768,0769.jpg,0,0,0,0,0,0,0,0,1,0,0,0,0,1,0,0,0,0
769,0770.jpg,0,0,0,0,0,0,0,0,1,0,0,0,0,1,0,0,0,0
770,0771.jpg,0,0,1,0,0,0,0,0,0,0,0,0,0,0,0,0,0,0
771,0772.jpg,1,0,0,0,0,0,0,0,0,0,0,0,0,0,0,0,0,0
772,0773.jpg,1,0,0,0,0,0,0,0,0,0,0,0,0,0,0,0,0,0
773,0774.jpg,0,0,0,0,0,0,0,0,0,1,0,0,1,0,0,0,0,0
774,0775.jpg,1,0,0,0,0,0,0,0,0,0,0,0,0,0,0,0,0,0
775,0776.jpg,0,1,0,0,0,0,0,0,0,0,0,0,0,0,1,0,0,0
776,0777.jpg,0,0,0,0,1,0,0,0,0,0,0,0,0,0,0,0,1,0
777,0778.jpg,0,0,0,0,0,0,0,0,0,0,0,0,0,1,0,0,0,1
778,0779.jpg,0,0,1,0,0,0,0,0,0,0,1,0,0,0,0,0,0,0
779,0780.jpg,1,0,0,0,0,0,0,0,0,0,0,0,0,0,1,0,0,0
780,0781.jpg,0,0,0,1,0,0,0,0,0,0,0,0,0,1,0,0,0,0
781,0782.jpg,0,0,0,0,0,0,0,0,0,0,0,0,0,0,1,0,0,0
782,0783.jpg,0,0,0,0,0,0,1,0,0,0,0,0,0,0,1,0,0,0
783,0784.jpg,0,0,0,0,0,0,1,0,0,0,0,0,0,0,1,0,0,0
784,0785.jpg,0,0,0,0,1,0,0,0,0,0,0,0,0,0,0,0,0,1
785,0786.jpg,0,0,0,0,0,0,0,0,0,0,1,0,0,0,0,0,0,1
786,0787.jpg,0,0,0,1,0,0,0,0,0,0,0,0,0,0,0,0,0,1
787,0788.jpg,0,0,1,0,0,0,0,0,0,0,0,0,0,0,0,0,0,1
788,0789.jpg,0,0,0,0,0,0,0,0,0,0,1,0,0,0,0,0,0,0
789,0790.jpg,0,0,0,0,0,0,0,0,0,0,1,0,0,0,0,0,0,0
790,0791.jpg,0,0,0,0,0,0,0,0,0,0,1,0,0,0,0,0,1,0
791,0792.jpg,0,0,0,0,0,0,0,0,0,0,1,0,0,1,0,0,0,0
792,0793.jpg,0,0,0,0,0,0,0,1,0,0,0,0,1,0,0,0,0,0
793,0794.jpg,0,0,0,0,0,0,1,0,0,0,0,1,0,0,0,0,0,0
794,0795.jpg,0,0,0,0,0,0,1,0,0,0,0,1,0,0,0,0,0,0
795,0796.jpg,0,0,0,0,1,0,0,0,0,0,0,0,0,0,0,0,0,0
796,0797.jpg,0,0,0,0,0,0,0,0,0,1,0,0,0,0,0,0,1,0
797,0798.jpg,0,0,0,1,0,0,0,0,0,0,0,0,0,0,0,0,1,0
798,0799.jpg,0,0,0,0,0,0,0,0,0,0,0,0,0,0,1,1,0,0
799,0800.jpg,0,0,0,0,0,0,0,0,0,0,1,0,0,0,0,0,0,0
800,0801.jpg,0,0,0,0,0,0,0,0,0,0,0,0,0,0,0,0,1,1
801,0802.jpg,0,0,0,0,0,0,1,0,0,0,0,0,0,1,0,0,0,0
802,0803.jpg,0,0,0,0,0,0,0,1,0,0,0,0,0,0,0,0,0,0
803,0804.jpg,0,0,0,0,0,0,0,1,0,0,0,0,0,0,1,0,0,0
804,0805.jpg,0,0,0,0,0,0,0,0,0,0,0,0,1,0,0,0,1,0
805,0806.jpg,0,1,0,0,0,0,0,0,0,0,0,0,0,1,0,0,0,0
806,0807.jpg,0,0,0,0,1,0,0,0,0,0,0,0,0,0,0,0,0,0
807,0808.jpg,0,0,0,0,0,0,0,0,0,0,0,0,0,0,0,0,1,0
808,0809.jpg,0,0,0,0,0,0,0,0,0,0,0,0,0,0,0,0,1,0
809,0810.jpg,0,0,0,1,0,0,0,0,0,0,0,0,0,0,0,0,0,0
810,0811.jpg,0,0,0,1,0,0,0,0,0,0,0,0,0,0,0,0,0,0
811,0812.jpg,0,0,0,1,0,0,0,0,0,0,0,0,0,0,0,0,0,0
812,0813.jpg,0,1,0,0,0,0,0,0,0,0,0,0,0,0,0,0,0,0
813,0814.jpg,0,1,0,0,0,0,0,0,0,0,0,0,0,0,0,0,0,0
814,0815.jpg,0,1,0,0,0,0,0,0,0,0,0,0,0,0,0,0,0,0
815,0816.jpg,0,0,1,0,0,0,0,0,0,0,0,0,0,0,0,0,0,0
816,0817.jpg,0,0,1,0,0,0,0,0,0,0,0,0,0,0,0,0,0,0
817,0818.jpg,0,0,1,0,0,0,0,0,0,0,0,0,0,0,0,0,0,0
818,0819.jpg,1,0,0,0,0,0,0,0,0,0,0,0,0,0,0,0,0,0
819,0820.jpg,1,0,0,0,0,0,0,0,0,0,0,0,0,0,0,0,0,0
820,0821.jpg,0,0,0,0,0,0,0,0,0,1,0,0,0,0,0,0,0,0
821,0822.jpg,0,0,0,0,0,0,0,0,0,1,0,0,0,0,0,0,0,0
822,0823.jpg,0,0,0,0,0,0,0,0,0,1,0,0,0,0,0,0,1,0
823,0824.jpg,0,0,0,0,0,0,0,0,0,0,0,1,0,0,0,0,0,0
824,0825.jpg,0,0,0,0,0,0,0,0,0,0,1,1,0,0,0,0,0,0
825,0826.jpg,0,0,0,0,0,0,0,0,0,0,1,1,0,0,0,0,0,0
826,0827.jpg,0,0,0,0,0,0,0,0,0,0,0,0,0,0,0,1,0,0
827,0828.jpg,0,0,0,0,0,0,0,0,0,0,0,0,0,0,0,1,0,0
828,0829.jpg,0,0,0,1,0,0,0,0,0,0,0,0,0,0,0,0,0,0
829,0830.jpg,0,0,0,1,0,0,0,0,0,0,0,0,0,0,0,0,0,0
830,0831.jpg,1,0,0,0,0,0,0,0,0,0,0,0,0,0,0,0,0,0
831,0832.jpg,1,0,0,0,0,0,0,0,0,0,0,0,0,0,0,0,0,0
832,0833.jpg,0,0,1,0,0,0,0,0,0,0,0,0,0,0,0,0,0,0
833,0834.jpg,0,0,1,0,0,0,0,0,0,0,0,0,1,0,0,0,0,0
834,0835.jpg,0,0,0,0,1,0,0,0,0,0,0,0,0,0,0,0,0,0
835,0836.jpg,0,0,0,0,1,0,0,0,0,0,0,0,0,0,0,0,0,0
836,0837.jpg,0,0,0,0,0,0,0,0,0,0,0,0,1,0,0,0,0,0
837,0838.jpg,0,1,0,0,0,0,0,0,0,0,0,0,1,0,0,0,0,0
838,0839.jpg,0,1,0,0,0,0,0,0,0,0,0,0,1,0,0,0,0,0
839,0840.jpg,0,0,0,1,0,0,0,0,0,0,0,0,0,0,1,0,0,0
840,0841.jpg,0,0,0,1,0,0,0,0,0,0,0,0,0,0,1,0,0,0
841,0842.jpg,0,0,0,1,0,0,0,0,0,0,0,0,0,0,1,0,0,0
842,0843.jpg,0,0,0,0,0,0,0,0,1,0,0,0,0,0,0,0,0,0
843,0844.jpg,0,0,0,0,0,0,0,0,1,0,0,0,0,0,0,0,0,0
844,0845.jpg,0,0,1,0,0,0,0,0,0,1,0,0,0,0,0,0,0,0
845,0846.jpg,0,0,1,0,0,0,0,0,0,0,0,0,0,0,0,0,0,0
846,0847.jpg,0,0,1,0,0,0,0,0,0,0,0,0,0,0,0,0,0,0
847,0848.jpg,0,0,0,0,1,0,0,1,0,0,0,0,0,0,0,0,0,0
848,0849.jpg,0,0,0,0,1,0,0,1,0,0,0,0,0,0,0,0,0,0
849,0850.jpg,0,1,0,0,0,0,0,0,0,0,0,1,0,0,0,0,0,0
850,0851.jpg,0,1,0,0,0,0,0,0,0,0,0,1,0,0,0,0,0,0
851,0852.jpg,0,0,0,0,0,0,1,0,0,0,0,0,0,0,0,0,0,0
852,0853.jpg,0,0,0,0,0,0,1,0,0,0,0,0,0,0,0,0,0,0
853,0854.jpg,0,0,0,0,0,0,0,0,0,0,0,0,0,1,0,0,0,0
854,0855.jpg,0,0,0,0,0,0,0,0,0,0,0,0,0,1,0,0,0,0
855,0856.jpg,0,0,0,0,0,0,0,0,0,0,1,0,0,0,0,0,0,0
856,0857.jpg,0,0,0,0,0,0,0,0,0,0,1,0,0,0,0,0,0,0
857,0858.jpg,0,0,0,0,0,0,0,0,0,0,1,0,0,0,0,0,0,1
858,0859.jpg,0,0,0,0,0,0,0,0,0,0,0,0,0,0,0,1,0,1
859,0860.jpg,0,0,0,0,0,0,0,0,0,0,0,0,0,0,0,1,0,1
860,0861.jpg,0,0,0,0,0,0,0,0,0,0,0,0,0,0,0,1,0,1
861,0862.jpg,1,0,0,0,0,0,0,0,0,0,0,0,0,0,0,1,0,0
862,0863.jpg,0,0,0,0,0,0,0,0,0,0,0,0,0,0,0,0,1,0
863,0864.jpg,0,0,0,0,0,0,0,0,0,0,0,0,0,1,0,0,0,0
864,0865.jpg,0,0,0,0,0,0,1,0,0,0,0,0,0,0,0,0,0,0
865,0866.jpg,0,0,0,0,0,1,0,0,0,0,1,0,0,0,0,0,0,0
866,0867.jpg,0,0,0,0,0,0,0,0,1,0,0,0,0,1,0,0,0,0
867,0868.jpg,0,0,0,0,0,0,0,0,0,0,0,0,0,0,0,0,0,1
868,0869.jpg,0,0,0,0,0,0,0,0,0,0,0,0,0,0,0,0,0,1
869,0870.jpg,0,0,0,0,0,0,1,0,0,0,0,0,0,0,0,0,0,0
870,0871.jpg,0,0,0,0,1,0,0,0,0,0,0,0,0,0,0,0,0,0
871,0872.jpg,0,0,0,0,0,1,0,0,0,0,0,1,0,0,0,0,0,0
872,0873.jpg,0,0,0,0,0,1,0,0,0,0,0,1,0,0,0,0,0,0
873,0874.jpg,0,0,0,0,0,0,0,0,0,0,0,0,1,0,0,0,0,0
874,0875.jpg,0,0,0,0,0,1,0,0,0,0,0,0,0,0,0,0,0,0
875,0876.jpg,1,0,0,0,0,0,0,0,0,0,1,0,0,0,0,0,0,0
876,0877.jpg,0,0,0,0,1,0,0,0,0,0,0,0,0,0,0,1,0,0
877,0878.jpg,0,0,0,0,0,0,0,0,0,0,0,0,0,0,0,0,1,0
878,0879.jpg,0,0,0,0,0,0,0,0,0,0,0,0,0,0,0,0,1,0
879,0880.jpg,0,0,0,0,1,0,0,0,0,0,0,0,0,0,1,0,0,0
880,0881.jpg,0,0,0,0,1,1,0,0,0,0,0,0,0,0,0,0,0,0
881,0882.jpg,0,0,1,0,0,0,0,0,0,0,0,0,0,0,1,0,0,0
882,0883.jpg,0,0,1,0,0,1,0,0,0,0,0,0,0,0,0,0,0,0
883,0884.jpg,0,0,0,0,0,0,0,0,0,0,0,0,0,0,1,0,1,0
884,0885.jpg,0,0,0,0,0,0,0,0,0,0,0,0,0,1,1,0,0,0
885,0886.jpg,0,0,0,0,0,0,0,0,0,0,0,0,0,1,1,0,0,0
886,0887.jpg,0,0,0,0,0,0,0,0,0,0,0,0,0,1,1,0,0,0
887,0888.jpg,0,0,0,0,0,0,0,0,0,0,0,0,0,0,0,0,0,1
888,0889.jpg,0,0,0,0,0,0,1,0,0,0,0,0,0,0,0,0,0,0
889,0890.jpg,0,0,0,0,0,0,0,1,0,0,0,0,0,0,1,0,0,0
890,0891.jpg,0,0,0,0,0,0,1,0,0,0,0,0,0,0,0,0,0,0
891,0892.jpg,0,0,0,0,0,0,1,0,0,0,0,0,0,0,0,1,0,0
892,0893.jpg,0,0,0,1,0,0,0,0,0,0,0,0,0,0,0,1,0,0
893,0894.jpg,0,0,0,0,1,0,0,0,0,0,0,0,0,0,0,0,0,0
894,0895.jpg,0,0,0,0,0,0,0,0,0,0,0,0,0,0,1,0,0,0
895,0896.jpg,0,0,0,0,0,1,0,0,0,0,0,0,0,0,0,0,0,0
896,0897.jpg,0,0,0,0,0,0,0,0,0,0,0,0,0,1,0,0,0,0
897,0898.jpg,0,0,0,1,0,0,0,0,0,0,1,0,0,0,0,0,0,0
898,0899.jpg,1,0,0,0,0,0,0,0,0,0,1,0,0,0,0,0,0,0
899,0900.jpg,0,0,0,0,0,0,0,0,0,0,0,1,1,0,0,0,0,0
900,0901.jpg,1,0,0,0,0,0,0,0,1,0,0,0,0,0,0,0,0,0
901,0902.jpg,0,0,1,0,0,0,0,0,0,0,0,0,0,1,0,0,0,0
902,0903.jpg,0,0,0,0,0,0,1,1,0,0,0,0,0,0,0,0,0,0
903,0904.jpg,0,0,0,0,0,0,0,1,0,0,0,0,0,0,0,1,0,0
904,0905.jpg,0,0,0,0,0,0,0,0,0,1,0,0,0,0,0,0,0,1
905,0906.jpg,0,0,0,1,0,0,0,0,0,0,0,0,0,0,0,0,0,0
906,0907.jpg,0,0,0,1,0,0,0,0,0,0,0,0,0,0,0,0,0,0
907,0908.jpg,0,0,0,1,0,0,0,0,0,0,0,0,0,0,0,1,0,0
908,0909.jpg,0,1,0,0,0,0,0,0,0,0,0,0,0,0,0,0,0,0
909,0910.jpg,0,1,0,0,0,0,0,0,0,0,0,0,0,0,0,0,0,0
910,0911.jpg,0,1,0,0,0,0,0,0,0,0,0,0,0,1,0,0,0,0
911,0912.jpg,0,0,1,0,0,0,0,0,0,0,0,0,0,0,0,0,0,0
912,0913.jpg,0,0,1,0,0,0,0,0,0,0,0,0,0,0,0,0,0,0
913,0914.jpg,0,0,1,0,0,0,1,0,0,0,0,0,0,0,0,0,0,0
914,0915.jpg,1,0,0,0,0,0,0,0,0,0,0,0,0,0,0,0,0,0
915,0916.jpg,1,0,0,0,0,0,0,0,0,0,0,0,0,0,0,0,0,0
916,0917.jpg,0,0,0,0,0,0,0,0,0,0,0,1,0,0,0,0,0,0
917,0918.jpg,0,0,0,0,0,0,0,0,0,0,0,1,0,0,0,0,0,0
918,0919.jpg,0,0,0,0,0,0,0,0,0,0,0,1,0,0,0,0,0,0
919,0920.jpg,0,0,0,0,0,0,0,0,0,0,0,1,0,0,0,1,0,0
920,0921.jpg,0,0,0,0,1,0,0,0,0,0,0,0,0,0,0,0,0,0
921,0922.jpg,0,0,0,0,1,0,1,0,0,0,0,0,0,0,0,0,0,0
922,0923.jpg,0,0,0,0,1,0,1,0,0,0,0,0,0,0,0,0,0,0
923,0924.jpg,1,0,0,0,0,0,0,0,0,0,0,0,0,0,0,0,0,0
924,0925.jpg,1,0,0,0,0,0,0,0,0,0,0,0,0,0,0,0,0,0
925,0926.jpg,0,0,0,0,0,0,0,0,0,0,0,0,0,0,0,0,0,1
926,0927.jpg,0,0,0,0,0,0,0,0,0,0,0,0,0,0,0,0,0,1
927,0928.jpg,1,0,0,1,0,0,0,0,0,0,0,0,0,0,0,0,0,0
928,0929.jpg,1,0,0,1,0,0,0,0,0,0,0,0,0,0,0,0,0,0
929,0930.jpg,1,0,0,1,0,0,0,0,0,0,0,0,0,0,0,0,0,0
930,0931.jpg,1,0,0,0,0,0,0,0,0,1,0,0,0,0,0,0,0,0
931,0932.jpg,0,0,0,0,0,0,0,0,0,0,0,0,1,0,0,0,0,0
932,0933.jpg,0,0,0,0,0,0,0,0,0,0,0,0,1,0,0,0,0,0
933,0934.jpg,0,0,0,0,0,0,0,0,0,0,0,0,1,0,0,0,0,0
934,0935.jpg,0,1,0,0,0,0,0,0,0,0,0,0,0,0,0,0,0,0
935,0936.jpg,0,1,0,0,0,0,0,0,0,0,1,0,0,0,0,0,0,0
936,0937.jpg,0,1,0,0,0,0,0,0,0,0,0,0,0,1,0,0,0,0
937,0938.jpg,0,0,0,0,1,0,0,0,0,0,0,0,0,0,0,0,0,0
938,0939.jpg,0,0,0,0,1,0,0,0,0,0,0,0,0,0,0,0,0,0
939,0940.jpg,0,0,0,0,1,0,0,0,0,1,0,0,0,0,0,0,0,0
940,0941.jpg,0,0,0,0,1,0,0,0,0,1,0,0,0,0,0,0,0,0
941,0942.jpg,0,0,0,0,0,0,0,0,0,0,0,0,0,0,0,1,0,0
942,0943.jpg,0,0,0,0,0,0,0,0,0,0,0,0,0,0,0,1,0,0
943,0944.jpg,1,0,0,0,0,0,0,1,0,0,0,0,0,0,0,0,0,0
944,0945.jpg,1,0,0,0,0,0,0,1,0,0,0,0,0,0,0,0,0,0
945,0946.jpg,0,0,0,1,0,0,0,0,0,0,0,0,0,1,0,0,0,0
946,0947.jpg,0,0,0,1,0,0,0,0,0,0,0,0,0,1,0,0,0,0
947,0948.jpg,0,0,0,1,0,0,0,0,1,0,0,0,0,0,0,0,0,0
948,0949.jpg,0,0,0,1,0,0,0,0,1,0,0,0,0,0,0,0,0,0
949,0950.jpg,0,0,0,0,0,0,0,0,0,0,0,0,1,0,0,0,0,0
950,0951.jpg,0,0,0,1,0,0,0,0,0,0,0,0,0,0,0,0,0,0
951,0952.jpg,0,1,0,1,0,0,0,0,0,0,0,0,0,0,0,0,0,0
952,0953.jpg,0,0,0,0,0,0,0,0,0,0,0,1,0,0,0,0,0,0
953,0954.jpg,0,0,0,0,0,0,0,0,0,0,1,1,0,0,0,0,0,0
954,0955.jpg,0,0,0,0,0,0,0,0,0,0,1,0,0,0,0,0,0,0
955,0956.jpg,0,0,0,0,0,0,0,0,0,0,1,0,0,0,0,0,0,0
956,0957.jpg,0,0,0,0,0,0,0,0,0,0,0,0,0,0,0,0,1,1
957,0958.jpg,0,0,0,0,0,0,0,0,0,0,0,0,0,0,0,0,1,1
958,0959.jpg,0,0,0,0,0,0,0,0,0,0,0,0,0,0,0,0,1,1
959,0960.jpg,0,0,1,0,0,0,0,0,0,0,0,0,0,0,0,0,0,0
960,0961.jpg,0,0,1,0,0,0,0,0,0,0,0,0,0,0,0,0,0,0
961,0962.jpg,0,0,0,0,0,0,0,0,0,1,0,0,0,0,0,1,0,0
962,0963.jpg,0,0,1,0,0,0,0,0,0,0,0,0,0,0,0,0,0,0
963,0964.jpg,0,0,1,0,0,0,0,0,0,0,0,0,0,0,0,0,0,0
964,0965.jpg,0,0,0,0,0,0,0,1,0,0,0,0,0,0,0,0,1,0
965,0966.jpg,0,0,0,0,0,0,0,1,0,0,0,0,0,0,0,0,1,0
966,0967.jpg,1,0,0,0,0,0,0,0,0,0,0,0,0,0,1,0,0,0
967,0968.jpg,0,0,0,0,0,0,0,0,0,0,0,0,0,0,0,0,1,0
968,0969.jpg,0,0,0,0,0,0,0,1,0,0,0,0,1,0,0,0,0,0
969,0970.jpg,0,0,0,0,0,0,0,1,0,0,0,0,1,0,0,0,0,0
970,0971.jpg,0,0,0,0,0,0,0,0,0,0,0,0,0,1,0,0,0,0
971,0972.jpg,0,0,0,0,0,0,0,0,0,0,0,0,0,1,0,0,0,0
972,0973.jpg,0,0,0,0,0,0,1,0,0,1,0,0,0,0,0,0,0,0
973,0974.jpg,0,0,0,0,0,1,0,0,0,0,0,0,0,0,0,0,0,0
974,0975.jpg,0,0,0,0,0,1,0,0,0,0,0,0,0,0,0,0,0,0
975,0976.jpg,0,0,1,0,0,0,0,0,0,0,1,0,0,0,0,0,0,0
976,0977.jpg,0,0,1,0,0,0,0,0,0,0,0,0,0,0,0,0,0,0
977,0978.jpg,0,0,1,0,0,0,0,0,0,0,0,0,0,0,1,0,0,0
978,0979.jpg,0,0,0,0,0,0,1,0,0,0,0,0,0,1,0,0,0,0
979,0980.jpg,0,0,0,0,0,0,0,1,1,0,0,0,0,0,0,0,0,0
980,0981.jpg,1,0,0,0,0,0,0,0,0,0,1,0,0,0,0,0,0,0
981,0982.jpg,1,0,0,0,0,0,0,0,0,0,0,0,0,0,0,0,0,0
982,0983.jpg,0,0,0,0,0,0,0,0,0,0,0,0,0,0,0,1,1,0
983,0984.jpg,0,0,0,0,0,0,1,0,1,0,0,0,0,0,0,0,0,0
984,0985.jpg,0,0,0,0,0,0,0,0,0,0,1,0,0,0,0,0,0,1
985,0986.jpg,0,0,0,1,0,0,0,0,0,0,0,0,0,0,0,1,0,0
986,0987.jpg,0,0,0,0,0,0,0,0,0,0,0,0,0,1,0,0,0,1
987,0988.jpg,0,0,0,0,0,0,1,0,0,0,0,1,0,0,0,0,0,0
988,0989.jpg,0,0,0,0,1,0,0,0,1,0,0,0,0,0,0,0,0,0
989,0990.jpg,0,0,0,0,0,0,0,0,1,0,0,0,0,0,0,0,1,0
990,0991.jpg,0,0,1,0,0,1,0,0,0,0,0,0,0,0,0,0,0,0
991,0992.jpg,0,0,0,0,1,0,1,0,0,0,0,0,0,0,0,0,0,0
992,0993.jpg,0,0,0,0,0,0,0,0,0,1,0,0,0,0,0,1,0,0
993,0994.jpg,0,1,0,0,0,0,0,1,0,0,0,0,0,0,0,0,0,0
994,0995.jpg,0,0,0,0,1,0,0,0,0,0,0,0,1,0,0,0,0,0
995,0996.jpg,0,0,0,0,0,1,0,0,0,0,0,0,0,0,1,0,0,0
996,0997.jpg,0,0,0,0,0,1,0,0,0,0,0,0,0,0,1,0,0,0
997,0998.jpg,0,0,0,0,0,1,0,0,0,0,0,0,0,0,1,0,0,0
998,0999.jpg,0,0,0,0,0,0,0,0,0,0,0,0,0,1,0,0,0,0
999,1000.jpg,0,0,0,0,0,0,0,0,0,0,0,0,0,1,0,0,1,0
1000,1001.jpg,0,0,0,1,0,0,0,0,0,0,0,0,0,0,0,1,0,0
1001,1002.jpg,0,0,0,0,0,1,0,0,0,0,0,0,0,0,0,1,0,0
1002,1003.jpg,0,0,0,0,0,0,0,0,1,0,0,0,0,0,0,1,0,0
1003,1004.jpg,0,1,0,0,0,0,0,0,0,0,0,0,0,0,0,1,0,0
1004,1005.jpg,0,0,0,0,0,0,0,0,0,0,0,0,0,0,1,1,0,0
1005,1006.jpg,0,0,0,0,0,0,1,0,0,0,0,0,0,0,0,0,0,1
1006,1007.jpg,0,0,0,0,0,0,1,0,0,0,0,0,0,0,1,0,0,0
1007,1008.jpg,0,0,0,0,1,0,0,0,0,0,0,0,0,0,1,0,0,0
1008,1009.jpg,0,0,1,0,0,0,0,0,0,0,0,0,0,0,1,0,0,0
1009,1010.jpg,0,0,0,1,0,0,0,0,0,0,1,0,0,0,0,0,0,0
1010,1011.jpg,0,0,0,1,0,0,0,0,0,0,0,0,0,0,1,0,0,0
1011,1012.jpg,0,0,0,1,0,0,0,0,0,0,0,0,0,1,0,0,0,0
1012,1013.jpg,0,0,0,1,0,0,0,0,0,0,0,0,0,1,0,0,0,0
1013,1014.jpg,0,0,0,0,0,0,1,1,0,0,0,0,0,0,0,0,0,0
1014,1015.jpg,0,0,0,0,0,0,0,1,0,0,1,0,0,0,0,0,0,0
1015,1016.jpg,0,0,0,0,0,0,0,1,0,0,0,0,0,0,0,0,0,1
1016,1017.jpg,0,0,0,1,0,0,0,0,0,0,0,0,0,0,0,0,0,0
1017,1018.jpg,0,0,0,0,0,0,0,0,0,0,0,0,0,0,1,0,1,0
1018,1019.jpg,0,0,0,1,0,0,0,0,0,0,0,0,0,0,1,0,0,0
1019,1020.jpg,0,1,0,0,0,0,0,0,0,0,0,0,0,0,1,0,0,0
1020,1021.jpg,0,0,0,0,1,0,0,0,0,0,0,0,0,0,1,0,0,0
1021,1022.jpg,0,0,0,0,0,0,0,0,0,0,1,0,1,0,0,0,0,0
1022,1023.jpg,0,0,0,0,0,0,0,0,0,0,1,0,0,0,0,0,1,0
1023,1024.jpg,1,0,0,0,0,0,0,0,0,0,0,0,0,0,0,0,0,0
1024,1025.jpg,0,0,0,0,0,0,0,1,0,0,0,0,0,1,0,0,0,0
